id,first_name,last_name,email,phone_number
1,Gustavo,Grece,ggrece0@wiley.com,297-176-0374
2,Dion,Turbitt,dturbitt1@irs.gov,851-260-9754
3,Benedikta,Pimbley,bpimbley2@rakuten.co.jp,980-266-8295
4,Gaby,Othen,gothen3@nyu.edu,814-421-2038
5,Billy,Kierans,bkierans4@wordpress.com,681-288-3949
6,Toiboid,Sayburn,tsayburn5@amazon.co.uk,399-439-1281
7,Stanwood,Hulle,shulle6@harvard.edu,776-463-1371
8,Westley,Lyman,wlyman7@weebly.com,501-155-0710
9,Aleksandr,Rollings,arollings8@huffingtonpost.com,865-871-3320
10,Berkeley,Girard,bgirard9@g.co,850-699-2608
11,Agathe,McMaster,amcmastera@npr.org,687-453-8992
12,Baily,Strognell,bstrognellb@multiply.com,962-596-6272
13,Jackie,Ibbett,jibbettc@aboutads.info,575-351-7312
14,Randi,Bartolomeo,rbartolomeod@ustream.tv,892-515-6455
15,Silvie,Farris,sfarrise@sciencedaily.com,747-181-9275
16,Skye,Pinare,spinaref@freewebs.com,244-724-5115
17,Kristofer,Benza,kbenzag@qq.com,270-409-9273
18,Ardelia,Windows,awindowsh@apple.com,542-569-2572
19,Crawford,Duffree,cduffreei@ow.ly,528-850-9628
20,Ase,MacCorley,amaccorleyj@so-net.ne.jp,317-747-3988
21,Henrik,Argo,hargok@goo.ne.jp,836-913-5414
22,Magdaia,Haggarty,mhaggartyl@europa.eu,591-190-6894
23,Alfie,Leving,alevingm@wordpress.com,908-118-0416
24,Janine,Halt,jhaltn@state.gov,105-989-9173
25,Fawn,Duplain,fduplaino@sitemeter.com,126-173-2659
26,Burg,Tapson,btapsonp@nature.com,949-593-2837
27,Denise,O'Gorman,dogormanq@hc360.com,488-195-7752
28,Brittaney,Lattey,blatteyr@howstuffworks.com,965-520-8155
29,Lindsey,Moorerud,lmooreruds@patch.com,937-255-0546
30,Thaddeus,Fenwick,tfenwickt@cocolog-nifty.com,890-565-4207
31,Shelli,Pedrollo,spedrollou@amazonaws.com,520-945-7025
32,Lethia,Curran,lcurranv@biblegateway.com,671-936-1749
33,Kiersten,Downham,kdownhamw@over-blog.com,127-264-7105
34,Adan,Markussen,amarkussenx@youtu.be,532-426-0753
35,Marcellina,Fullagar,mfullagary@ocn.ne.jp,449-953-0467
36,Chelsae,Foard,cfoardz@hexun.com,631-277-6674
37,Jo-anne,McKinn,jmckinn10@smh.com.au,824-566-3695
38,Aldous,Bischop,abischop11@umn.edu,352-944-5156
39,Donnie,Caesmans,dcaesmans12@sohu.com,424-463-9464
40,Daile,Gossan,dgossan13@smugmug.com,246-837-5283
41,Jorgan,Garner,jgarner14@cdbaby.com,120-638-6467
42,Dugald,Mathelin,dmathelin15@about.me,270-548-3365
43,Milissent,Gildroy,mgildroy16@alexa.com,467-760-7706
44,Kylie,Cranke,kcranke17@chicagotribune.com,749-827-6341
45,Barret,Marchington,bmarchington18@baidu.com,809-924-7595
46,Edith,Freyne,efreyne19@jimdo.com,941-426-9839
47,Ade,Anmore,aanmore1a@intel.com,126-843-4322
48,Camila,Cowlard,ccowlard1b@shutterfly.com,599-492-4167
49,Willie,Konertz,wkonertz1c@economist.com,555-648-7925
50,Ward,Foxall,wfoxall1d@photobucket.com,846-141-9529
51,Miltie,Clevely,mclevely1e@php.net,481-839-3835
52,Angelique,Stollard,astollard1f@census.gov,898-911-7843
53,Wilek,Thicking,wthicking1g@google.pl,125-296-7721
54,Rodrique,Cottey,rcottey1h@tumblr.com,665-549-0417
55,Tibold,Storrie,tstorrie1i@dyndns.org,614-861-4206
56,Merlina,Glassup,mglassup1j@freewebs.com,584-296-8994
57,Gail,Inker,ginker1k@networkadvertising.org,975-725-3920
58,Hadley,Scotson,hscotson1l@nifty.com,397-650-0073
59,Nesta,Sever,nsever1m@lycos.com,514-778-3262
60,Prince,Montague,pmontague1n@weibo.com,907-455-1762
61,Herold,Lawlie,hlawlie1o@google.nl,223-953-9928
62,Mikael,Brunning,mbrunning1p@discovery.com,245-602-6194
63,Gorden,Bowman,gbowman1q@bigcartel.com,149-138-1587
64,Fairleigh,Durno,fdurno1r@ning.com,614-239-5582
65,Angelico,McAlindon,amcalindon1s@google.pl,263-719-7682
66,Isaak,Ericsson,iericsson1t@phoca.cz,657-306-6701
67,Johnna,Maxstead,jmaxstead1u@reverbnation.com,794-209-2108
68,Sylvia,Meineking,smeineking1v@behance.net,742-554-6120
69,Jelene,Emmens,jemmens1w@ycombinator.com,478-333-2899
70,Warde,Points,wpoints1x@harvard.edu,396-913-0278
71,Julita,Ceeley,jceeley1y@arstechnica.com,367-743-0378
72,Hastie,Longstreet,hlongstreet1z@reverbnation.com,932-590-6793
73,Arne,Kilgrove,akilgrove20@pcworld.com,888-886-0520
74,Elianore,Giorgietto,egiorgietto21@tinypic.com,436-792-2431
75,Abagail,Filintsev,afilintsev22@ameblo.jp,275-929-9564
76,Giorgio,Corck,gcorck23@mac.com,856-256-2194
77,Hobie,Danbrook,hdanbrook24@dailymotion.com,746-696-2776
78,Melania,Adriaens,madriaens25@nih.gov,143-663-8323
79,Cale,Dougill,cdougill26@sitemeter.com,627-478-2800
80,Olav,Inchley,oinchley27@usnews.com,722-906-8643
81,Edgardo,Giraldo,egiraldo28@webmd.com,924-515-1575
82,Audrie,Ingraham,aingraham29@parallels.com,376-651-2741
83,Staford,Aspling,saspling2a@phpbb.com,713-745-7723
84,Tamarra,Froment,tfroment2b@imgur.com,147-486-4517
85,Darcy,Poupard,dpoupard2c@mayoclinic.com,977-234-9128
86,Marlin,Nucator,mnucator2d@amazon.de,729-615-5084
87,Tonya,Squires,tsquires2e@tripod.com,148-934-1265
88,Efrem,Lewendon,elewendon2f@alexa.com,538-835-5867
89,Pail,Jowle,pjowle2g@springer.com,481-807-5932
90,Ronica,Kellock,rkellock2h@bing.com,417-977-4126
91,Eryn,Hinstock,ehinstock2i@dyndns.org,664-930-7930
92,Imojean,Moncarr,imoncarr2j@tiny.cc,639-421-2451
93,Anetta,Itchingham,aitchingham2k@shutterfly.com,795-257-8002
94,Gina,Cereceres,gcereceres2l@google.ru,747-952-2133
95,Lloyd,Minger,lminger2m@clickbank.net,639-119-0864
96,Kass,Crafter,kcrafter2n@china.com.cn,483-540-8023
97,Salim,Cargo,scargo2o@plala.or.jp,931-337-2892
98,Gay,Treadaway,gtreadaway2p@ycombinator.com,397-428-1225
99,Shell,Cassella,scassella2q@unicef.org,317-409-0602
100,Archambault,Shaxby,ashaxby2r@harvard.edu,772-343-9632
101,Aube,Capper,acapper2s@usgs.gov,170-650-1426
102,Ynez,Jagger,yjagger2t@google.co.jp,441-931-1476
103,Mikael,Shadrach,mshadrach2u@newsvine.com,318-214-4051
104,Winfred,Bonwell,wbonwell2v@a8.net,513-282-6039
105,Eberto,Dearle,edearle2w@msu.edu,911-241-4444
106,Estelle,Dahlberg,edahlberg2x@skyrock.com,574-254-6551
107,Donal,Midgley,dmidgley2y@privacy.gov.au,737-937-7735
108,Gilberto,Jedrych,gjedrych2z@hc360.com,961-452-7439
109,Melony,McGooch,mmcgooch30@t.co,302-236-4622
110,Eugenio,D'Aulby,edaulby31@dropbox.com,131-774-9502
111,Hartwell,Frudd,hfrudd32@yellowbook.com,125-316-0659
112,Alica,Cullinan,acullinan33@skyrock.com,602-373-2111
113,Kira,Bonar,kbonar34@webeden.co.uk,227-699-1840
114,Staffard,Jays,sjays35@biblegateway.com,773-300-8585
115,Purcell,Blundell,pblundell36@nps.gov,555-589-2617
116,Patrizio,Yearby,pyearby37@globo.com,200-876-9830
117,Jamill,Callaghan,jcallaghan38@free.fr,390-684-8069
118,Olivie,Priter,opriter39@omniture.com,828-101-9260
119,Cyrill,Van Driel,cvandriel3a@cloudflare.com,798-791-9712
120,Carroll,Chidlow,cchidlow3b@cisco.com,129-401-8590
121,Cari,Waryk,cwaryk3c@nba.com,823-935-6454
122,Sandor,Wimes,swimes3d@example.com,968-189-5595
123,Gaylord,Carbry,gcarbry3e@ustream.tv,545-359-3175
124,Pietro,Simonutti,psimonutti3f@addtoany.com,244-796-0989
125,Syd,Seckom,sseckom3g@ameblo.jp,654-817-5912
126,Katrina,Gouda,kgouda3h@google.ca,822-234-9670
127,Billy,Zanetti,bzanetti3i@noaa.gov,414-318-5515
128,Sheilah,Shuter,sshuter3j@friendfeed.com,993-514-6142
129,Forster,Anchor,fanchor3k@angelfire.com,562-749-1193
130,Kimberli,Mager,kmager3l@npr.org,923-546-1552
131,Lucienne,O'Dyvoie,lodyvoie3m@i2i.jp,888-327-2278
132,Dniren,Mollitt,dmollitt3n@marriott.com,406-676-0540
133,Ricki,Autrie,rautrie3o@tmall.com,476-781-3715
134,Jemimah,Baert,jbaert3p@jimdo.com,850-893-6075
135,Leyla,Ferrero,lferrero3q@amazon.com,745-340-5595
136,Mortimer,Gabbetis,mgabbetis3r@mozilla.com,907-537-1103
137,Umberto,O'Fallowne,uofallowne3s@issuu.com,161-606-6158
138,Aloisia,Hasely,ahasely3t@cornell.edu,155-829-2354
139,Keenan,Bickmore,kbickmore3u@auda.org.au,568-192-0791
140,Claire,Tedahl,ctedahl3v@hud.gov,368-994-4120
141,Jerrylee,Dyton,jdyton3w@technorati.com,116-228-0818
142,Corri,Clarage,cclarage3x@infoseek.co.jp,536-298-1638
143,Phylis,McCorley,pmccorley3y@de.vu,947-486-7503
144,Catha,Penkethman,cpenkethman3z@multiply.com,883-944-1577
145,Cullen,Bodiam,cbodiam40@wordpress.org,137-752-6115
146,Darsie,Mourge,dmourge41@ft.com,289-917-8757
147,Mona,Stebbing,mstebbing42@guardian.co.uk,241-836-8435
148,Suzann,Grimmett,sgrimmett43@google.pl,470-197-0784
149,Tiena,Metcalfe,tmetcalfe44@twitpic.com,196-528-3593
150,Adelaida,Ringsell,aringsell45@cisco.com,573-980-3017
151,Kelley,Klimkowski,kklimkowski46@amazon.co.uk,962-405-8266
152,Lotti,Jedrych,ljedrych47@blogs.com,994-109-1926
153,Yancy,Mytton,ymytton48@cnbc.com,871-440-5552
154,Benedick,Belcher,bbelcher49@eventbrite.com,924-545-3602
155,Torr,Hardcastle,thardcastle4a@ted.com,173-301-6650
156,Kelci,Goudard,kgoudard4b@linkedin.com,341-911-8999
157,Dilan,Fairy,dfairy4c@goo.gl,944-193-1065
158,Wilt,Wooler,wwooler4d@google.ru,225-741-5155
159,Ray,Ireland,rireland4e@mayoclinic.com,873-784-3943
160,Lowe,Tourmell,ltourmell4f@domainmarket.com,792-393-7568
161,Dotti,Sartin,dsartin4g@free.fr,356-360-2246
162,Clayborne,Tallach,ctallach4h@4shared.com,725-648-5023
163,Hanni,Saffon,hsaffon4i@businessinsider.com,946-331-2054
164,Loralie,Brea,lbrea4j@bizjournals.com,137-934-9560
165,Liv,Nell,lnell4k@livejournal.com,749-147-1392
166,Andreana,Brimblecombe,abrimblecombe4l@oakley.com,343-418-0275
167,Michael,Marconi,mmarconi4m@redcross.org,782-958-5736
168,Angelique,Yesinin,ayesinin4n@technorati.com,373-536-0340
169,Jennifer,Lodemann,jlodemann4o@yale.edu,786-480-3309
170,Alonso,Benninck,abenninck4p@php.net,532-419-3465
171,Devina,Carillo,dcarillo4q@google.ca,607-950-6230
172,Jacquenetta,Starmore,jstarmore4r@stanford.edu,185-172-2631
173,Wrennie,Clampett,wclampett4s@discuz.net,681-487-1619
174,Moses,Winchcum,mwinchcum4t@godaddy.com,182-116-6869
175,Standford,Partner,spartner4u@baidu.com,604-798-3205
176,Kelsey,Izacenko,kizacenko4v@amazon.de,218-920-5700
177,Artemus,Anthonies,aanthonies4w@princeton.edu,536-577-1747
178,Leanor,Mark,lmark4x@imgur.com,401-147-7606
179,Orly,Caunce,ocaunce4y@ow.ly,756-492-4863
180,Frayda,Service,fservice4z@com.com,261-172-2295
181,Aldis,Chaucer,achaucer50@wikispaces.com,296-921-4177
182,Allianora,Retchless,aretchless51@reference.com,980-829-2382
183,Brunhilde,Gergus,bgergus52@google.fr,400-333-0074
184,Thibaud,Hartgill,thartgill53@mysql.com,257-761-8819
185,Kayley,Brugger,kbrugger54@oracle.com,585-859-8372
186,Beatrice,Murden,bmurden55@uiuc.edu,664-665-0683
187,Becca,Wanklyn,bwanklyn56@gravatar.com,231-659-2904
188,Lambert,Gouldstraw,lgouldstraw57@odnoklassniki.ru,717-561-7365
189,Robbin,Tidgewell,rtidgewell58@storify.com,230-175-0327
190,Zane,Curnok,zcurnok59@msn.com,559-499-1632
191,Manya,Wondraschek,mwondraschek5a@salon.com,437-477-2849
192,Lydia,Roofe,lroofe5b@vimeo.com,504-994-3861
193,Adriena,Pagitt,apagitt5c@purevolume.com,778-907-7931
194,Yolane,Bunney,ybunney5d@ask.com,553-446-3374
195,Allissa,Mundie,amundie5e@admin.ch,425-140-0023
196,Cindie,Fahy,cfahy5f@google.co.jp,816-132-2785
197,Ricky,Fibben,rfibben5g@telegraph.co.uk,185-328-1607
198,Brant,Pashba,bpashba5h@goodreads.com,706-537-4676
199,Charlot,Blythin,cblythin5i@sourceforge.net,280-332-2509
200,Tulley,Cordeix,tcordeix5j@tripadvisor.com,178-358-3217
201,Glennis,Girkins,ggirkins5k@github.com,455-249-8900
202,Zollie,Dreossi,zdreossi5l@sohu.com,853-426-2855
203,Mariam,Orrick,morrick5m@yandex.ru,825-602-4205
204,Druci,Markovich,dmarkovich5n@naver.com,744-798-9265
205,Honoria,O'Moylan,homoylan5o@imgur.com,646-472-9355
206,Stanleigh,Gawkes,sgawkes5p@gizmodo.com,145-537-8715
207,Maximilianus,MacAskie,mmacaskie5q@alexa.com,164-541-2291
208,De witt,Hugland,dhugland5r@archive.org,950-120-0948
209,Verge,Ockland,vockland5s@google.pl,262-902-9727
210,Jermayne,Rembrant,jrembrant5t@mysql.com,697-126-2757
211,Lewie,Netherwood,lnetherwood5u@themeforest.net,233-169-7387
212,Ado,Hubatsch,ahubatsch5v@deviantart.com,923-986-1582
213,Gasper,Bewlie,gbewlie5w@topsy.com,380-562-0691
214,Allie,Knightsbridge,aknightsbridge5x@accuweather.com,537-392-1601
215,Melisande,Sowrey,msowrey5y@state.gov,350-725-0593
216,Regen,Chittleburgh,rchittleburgh5z@sourceforge.net,762-595-1958
217,Emilee,Robertshaw,erobertshaw60@spotify.com,684-551-8194
218,Thibaut,Bull,tbull61@npr.org,554-474-9981
219,Pepillo,Dunphy,pdunphy62@npr.org,758-154-8246
220,Egan,Marshal,emarshal63@va.gov,754-981-8005
221,Raven,Cothey,rcothey64@csmonitor.com,507-932-2249
222,Aleda,Donke,adonke65@sourceforge.net,620-709-7988
223,Cross,Cokayne,ccokayne66@furl.net,219-276-9351
224,Brynne,Goadbie,bgoadbie67@unesco.org,148-156-3700
225,Devy,McBain,dmcbain68@mayoclinic.com,645-903-7519
226,Ailee,Wooff,awooff69@phoca.cz,501-467-3416
227,Jennifer,Rosenauer,jrosenauer6a@europa.eu,227-733-9997
228,Sharia,Davidy,sdavidy6b@clickbank.net,441-397-6609
229,Sandye,Pimm,spimm6c@ifeng.com,966-674-6527
230,Kimberlyn,Trevains,ktrevains6d@prweb.com,583-845-8472
231,Tani,Noor,tnoor6e@altervista.org,832-510-5339
232,Egon,Brendeke,ebrendeke6f@about.com,579-200-7565
233,Wainwright,Fasset,wfasset6g@cpanel.net,804-974-6881
234,Fleur,McQuillen,fmcquillen6h@redcross.org,104-408-7319
235,Caz,McKain,cmckain6i@etsy.com,191-954-6875
236,Maitilde,Jays,mjays6j@domainmarket.com,746-254-9988
237,Brena,Fessler,bfessler6k@list-manage.com,725-859-8741
238,Arty,Rennox,arennox6l@geocities.com,419-798-6575
239,Garold,Fittes,gfittes6m@dion.ne.jp,838-166-7350
240,Elayne,Dronsfield,edronsfield6n@census.gov,959-454-2736
241,Kelsey,MacMorland,kmacmorland6o@nhs.uk,429-199-5529
242,Freddy,Izzett,fizzett6p@privacy.gov.au,210-849-5494
243,Beck,Engeham,bengeham6q@bluehost.com,462-140-5616
244,Viviyan,Tarburn,vtarburn6r@cisco.com,832-919-5553
245,Vin,Billett,vbillett6s@geocities.com,509-327-8303
246,Willy,Dono,wdono6t@engadget.com,571-618-9766
247,Dion,Christophers,dchristophers6u@fc2.com,220-807-0666
248,Bil,Gosswell,bgosswell6v@ask.com,248-879-5595
249,Maison,Blissett,mblissett6w@seattletimes.com,647-838-5261
250,Sean,Canacott,scanacott6x@youtu.be,773-326-9287
251,Willa,Emeline,wemeline6y@about.me,551-902-5127
252,Clary,Prettyman,cprettyman6z@ning.com,136-242-0856
253,Forrester,Welbourn,fwelbourn70@phpbb.com,295-379-7135
254,Fanchette,Russi,frussi71@creativecommons.org,476-615-8882
255,Charla,Proger,cproger72@independent.co.uk,785-514-3780
256,See,Soares,ssoares73@economist.com,604-891-6210
257,Kirsteni,Livzey,klivzey74@youtu.be,121-546-6415
258,Berenice,Mailes,bmailes75@nba.com,517-115-4301
259,Rosalia,Ruthven,rruthven76@reference.com,749-508-4780
260,Madison,Klimkov,mklimkov77@vistaprint.com,992-940-6129
261,Correy,Arnoult,carnoult78@4shared.com,843-712-1661
262,Elvis,Jirzik,ejirzik79@netscape.com,855-308-3105
263,Rey,Domico,rdomico7a@disqus.com,618-807-4635
264,Alaine,Jaffra,ajaffra7b@yandex.ru,347-484-3509
265,Christophorus,Mazin,cmazin7c@wordpress.com,663-790-0558
266,Glynnis,Earpe,gearpe7d@sakura.ne.jp,799-993-4671
267,Harwell,Siviter,hsiviter7e@chicagotribune.com,337-586-9305
268,Viviene,Mayall,vmayall7f@51.la,404-602-0334
269,Isaiah,Crowden,icrowden7g@smh.com.au,956-418-7136
270,Ladonna,Portch,lportch7h@de.vu,353-457-6307
271,Rafaela,Strettle,rstrettle7i@surveymonkey.com,817-856-9789
272,Kristyn,Grantham,kgrantham7j@creativecommons.org,614-155-3886
273,Cleve,Spoole,cspoole7k@illinois.edu,594-663-3662
274,Waneta,Carty,wcarty7l@moonfruit.com,127-886-9012
275,Wilhelmine,Ambroziak,wambroziak7m@flavors.me,903-933-6273
276,Jared,Borthe,jborthe7n@deliciousdays.com,280-552-4835
277,Ardis,Mardy,amardy7o@symantec.com,774-361-2596
278,Montgomery,Stobie,mstobie7p@topsy.com,957-459-5331
279,Queenie,Goade,qgoade7q@smh.com.au,626-648-7123
280,Jonis,Blune,jblune7r@cisco.com,337-336-1492
281,Somerset,Waller-Bridge,swallerbridge7s@reverbnation.com,529-230-3834
282,Grace,Landsbury,glandsbury7t@apple.com,232-676-4553
283,Michal,Pritty,mpritty7u@admin.ch,599-247-0094
284,Kalle,Lain,klain7v@blog.com,191-775-5914
285,Jamaal,Whitworth,jwhitworth7w@ning.com,489-588-2299
286,Fifine,Pauncefort,fpauncefort7x@toplist.cz,746-133-6225
287,Fran,Verrier,fverrier7y@hc360.com,172-510-2840
288,Bart,Jewel,bjewel7z@google.co.jp,969-108-4652
289,Adriane,Hengoed,ahengoed80@ezinearticles.com,742-668-6207
290,Armin,Wreakes,awreakes81@godaddy.com,205-715-9154
291,Gilbert,Troctor,gtroctor82@51.la,189-634-8910
292,Katharyn,Baser,kbaser83@reverbnation.com,198-903-4484
293,Jenny,Grisewood,jgrisewood84@liveinternet.ru,531-992-3091
294,Davita,Petrashkov,dpetrashkov85@sakura.ne.jp,155-335-4638
295,Dorothee,Crownshaw,dcrownshaw86@biblegateway.com,440-977-9887
296,Ev,Kidney,ekidney87@de.vu,213-489-4305
297,Gilberto,Satterlee,gsatterlee88@dailymotion.com,430-721-0846
298,Damiano,Storcke,dstorcke89@meetup.com,490-294-7641
299,Kenyon,Bisacre,kbisacre8a@i2i.jp,539-852-6015
300,Cortney,Fishpoole,cfishpoole8b@google.nl,464-665-6939
301,Kirby,Lathom,klathom8c@hibu.com,603-435-0707
302,Baillie,Cearley,bcearley8d@shinystat.com,402-387-3205
303,Nikos,Robb,nrobb8e@meetup.com,663-202-6687
304,Kathlin,Leale,kleale8f@nhs.uk,591-982-8261
305,Jamil,Yeudall,jyeudall8g@va.gov,920-810-4212
306,Kendall,Loyndon,kloyndon8h@icq.com,481-527-2579
307,Forrester,Jerson,fjerson8i@irs.gov,769-761-6649
308,Persis,Vreede,pvreede8j@upenn.edu,581-147-7672
309,Neal,Kenworth,nkenworth8k@mapquest.com,611-748-5947
310,Georgia,Klimsch,gklimsch8l@last.fm,166-770-6103
311,Hodge,Spelsbury,hspelsbury8m@artisteer.com,460-354-3328
312,Inge,Meneely,imeneely8n@forbes.com,712-701-4144
313,Talia,Coldridge,tcoldridge8o@instagram.com,762-888-5330
314,Lyndel,Sibery,lsibery8p@ca.gov,372-938-6832
315,Thurstan,Quillinane,tquillinane8q@ask.com,271-389-5221
316,Meghann,Imlach,mimlach8r@state.gov,387-729-0435
317,Codi,Friend,cfriend8s@sciencedirect.com,311-221-8184
318,Wanda,Manners,wmanners8t@hostgator.com,147-990-0641
319,Kaja,Flintoft,kflintoft8u@hc360.com,208-671-0587
320,Emmalyn,Storie,estorie8v@blogspot.com,617-916-0131
321,Thayne,Day,tday8w@statcounter.com,180-154-8497
322,Berget,Webland,bwebland8x@amazon.co.jp,900-640-2016
323,Vincent,Domican,vdomican8y@nationalgeographic.com,664-875-9993
324,Free,Jindrich,fjindrich8z@bloglines.com,426-160-2121
325,Mandi,Kondratenko,mkondratenko90@goo.ne.jp,655-241-7918
326,Joycelin,Franceschelli,jfranceschelli91@auda.org.au,531-394-2854
327,Antonino,Hazael,ahazael92@infoseek.co.jp,373-748-8086
328,Jessey,Shopcott,jshopcott93@barnesandnoble.com,184-655-9618
329,Archibaldo,Shrimplin,ashrimplin94@soup.io,388-637-0697
330,Darell,Shearsby,dshearsby95@tumblr.com,260-958-2772
331,Langston,Abrashkov,labrashkov96@google.de,562-697-0709
332,Zelig,Bubear,zbubear97@omniture.com,826-941-0494
333,Vanya,Gamell,vgamell98@walmart.com,751-578-0666
334,Denice,Thombleson,dthombleson99@digg.com,713-455-2068
335,Cirillo,Sloane,csloane9a@sina.com.cn,757-556-7894
336,Adora,Curme,acurme9b@godaddy.com,356-365-7124
337,Marget,Mayberry,mmayberry9c@howstuffworks.com,730-136-7299
338,Normand,Billings,nbillings9d@ft.com,888-196-5715
339,Waly,Woolger,wwoolger9e@weebly.com,348-141-0129
340,Hallie,Geldard,hgeldard9f@desdev.cn,986-306-1150
341,Hinze,Hickford,hhickford9g@nature.com,105-238-9630
342,Rae,Mulvey,rmulvey9h@csmonitor.com,460-263-5824
343,Kaila,Liggons,kliggons9i@nytimes.com,375-639-9888
344,Hayes,Barends,hbarends9j@netvibes.com,480-377-7094
345,Asa,Waterman,awaterman9k@pbs.org,346-790-9766
346,Krishnah,Blick,kblick9l@archive.org,793-617-8424
347,Sally,Hymans,shymans9m@wufoo.com,450-939-7234
348,Netta,Halligan,nhalligan9n@boston.com,568-964-9728
349,Shandra,Hefferan,shefferan9o@columbia.edu,629-985-0460
350,Maurie,Dabels,mdabels9p@geocities.com,672-864-9690
351,Verile,Fourman,vfourman9q@buzzfeed.com,471-181-2227
352,Dilan,O'dell,dodell9r@epa.gov,254-142-8586
353,Mike,Climer,mclimer9s@nhs.uk,212-254-4645
354,Danette,Treleaven,dtreleaven9t@uol.com.br,191-939-1468
355,Lay,MacGowing,lmacgowing9u@spiegel.de,213-511-5727
356,Giavani,Sinnock,gsinnock9v@ftc.gov,117-997-1580
357,Margery,Boultwood,mboultwood9w@clickbank.net,523-944-9257
358,Jamal,Korfmann,jkorfmann9x@bloglines.com,999-475-1126
359,Leodora,Bearfoot,lbearfoot9y@smugmug.com,617-688-0482
360,Jessey,Marre,jmarre9z@addtoany.com,196-224-3244
361,Brod,Dumper,bdumpera0@nydailynews.com,757-402-4185
362,Atlante,McCowan,amccowana1@wunderground.com,459-573-7956
363,Lem,Bengtsson,lbengtssona2@nifty.com,973-169-8826
364,Anastassia,Kestell,akestella3@usnews.com,576-194-1171
365,Ailey,Hanscomb,ahanscomba4@storify.com,593-902-5832
366,Bernice,McCormack,bmccormacka5@cnn.com,582-937-2092
367,Thibaut,Ellesmere,tellesmerea6@economist.com,458-934-7672
368,Sorcha,Drable,sdrablea7@foxnews.com,556-770-3184
369,Kara-lynn,Ringrose,kringrosea8@cdbaby.com,145-839-8731
370,Jedediah,Stabler,jstablera9@youtube.com,415-705-4373
371,Cindie,Chadwen,cchadwenaa@unicef.org,276-782-6967
372,Pollyanna,Castelluzzi,pcastelluzziab@flickr.com,879-688-3895
373,Mic,Gress,mgressac@infoseek.co.jp,498-874-3559
374,Clare,Cordner,ccordnerad@statcounter.com,235-628-0743
375,Neile,Harower,nharowerae@surveymonkey.com,749-304-3619
376,Batsheva,Carous,bcarousaf@earthlink.net,577-363-8519
377,Erich,Morena,emorenaag@dmoz.org,843-360-9652
378,Brnaby,Citrine,bcitrineah@odnoklassniki.ru,758-898-5044
379,Mycah,Norrington,mnorringtonai@toplist.cz,811-461-0537
380,Berti,Le Barre,blebarreaj@csmonitor.com,720-366-0876
381,Nonnah,Cantos,ncantosak@pagesperso-orange.fr,766-274-0574
382,Jethro,Virgoe,jvirgoeal@cornell.edu,739-184-0563
383,Sarette,Large,slargeam@google.com.br,717-791-8007
384,Theo,Passby,tpassbyan@nih.gov,298-991-6194
385,Demetri,Towner,dtownerao@nasa.gov,652-763-3960
386,Cornelle,Goozee,cgoozeeap@vistaprint.com,951-649-9910
387,Ivett,Junifer,ijuniferaq@stanford.edu,399-885-0512
388,Layne,Hospital,lhospitalar@oaic.gov.au,834-156-3433
389,Violetta,Josefovic,vjosefovicas@booking.com,389-815-1779
390,Verile,Canadine,vcanadineat@dell.com,186-544-4348
391,Miguela,Armfirld,marmfirldau@apache.org,856-305-2991
392,Ulrica,Schuricke,uschurickeav@dyndns.org,885-492-8796
393,Virginia,Wandtke,vwandtkeaw@theglobeandmail.com,398-226-8979
394,Lionello,Starkey,lstarkeyax@mapy.cz,565-710-1718
395,Leena,Tapper,ltapperay@fc2.com,639-899-3460
396,Ike,MacPake,imacpakeaz@ihg.com,560-665-6889
397,Caralie,Burbridge,cburbridgeb0@google.com.au,146-153-3722
398,Charity,Crippill,ccrippillb1@yandex.ru,826-853-2281
399,Leisha,Scala,lscalab2@pbs.org,437-652-8810
400,Timmy,Everington,teveringtonb3@kickstarter.com,543-824-4696
401,Gunther,Sains,gsainsb4@unc.edu,742-365-6784
402,Anny,Ruusa,aruusab5@reference.com,120-618-1234
403,Keeley,Dennington,kdenningtonb6@yahoo.com,529-928-7246
404,Giselbert,Burgiss,gburgissb7@scientificamerican.com,673-231-2134
405,Clemens,Birdsey,cbirdseyb8@gravatar.com,549-296-6791
406,Elena,Pearle,epearleb9@apache.org,576-993-7534
407,Bronnie,Obbard,bobbardba@va.gov,603-389-6932
408,Dolli,St. Clair,dstclairbb@usgs.gov,744-381-2265
409,Verene,Schafer,vschaferbc@nymag.com,719-522-1487
410,Margret,Abbots,mabbotsbd@360.cn,500-388-0262
411,Carmon,Desseine,cdesseinebe@utexas.edu,476-687-0274
412,Linnie,Puddefoot,lpuddefootbf@elpais.com,403-366-2070
413,Terence,Reardon,treardonbg@webeden.co.uk,502-400-3605
414,Tonya,Rigard,trigardbh@hao123.com,310-485-3427
415,Eldredge,Harvatt,eharvattbi@elegantthemes.com,175-868-3801
416,Erinn,Peel,epeelbj@imageshack.us,347-806-9452
417,Vern,Ludye,vludyebk@google.com.hk,604-113-3489
418,Desirae,Robart,drobartbl@ebay.co.uk,741-465-9135
419,Kalle,Solley,ksolleybm@uol.com.br,321-506-2232
420,Susanna,Need,sneedbn@theguardian.com,264-998-5990
421,Trefor,Gronous,tgronousbo@com.com,836-122-1205
422,Darb,Schimaschke,dschimaschkebp@microsoft.com,620-538-3996
423,Corabella,Winspar,cwinsparbq@oracle.com,542-222-4363
424,Hort,Grishin,hgrishinbr@deviantart.com,685-487-1652
425,Mandie,Ashington,mashingtonbs@ucoz.com,500-478-0647
426,Rebekkah,Rosenfelder,rrosenfelderbt@jiathis.com,357-450-7694
427,Vasilis,Oakinfold,voakinfoldbu@jigsy.com,657-710-7881
428,Bridgette,Becaris,bbecarisbv@sina.com.cn,254-670-6313
429,Davin,Chainey,dchaineybw@netlog.com,508-398-9810
430,Hamil,Nyles,hnylesbx@globo.com,782-831-3318
431,Winfred,Kelwaybamber,wkelwaybamberby@noaa.gov,212-625-9811
432,Pattie,Chasier,pchasierbz@netscape.com,554-101-9662
433,Kay,Angood,kangoodc0@engadget.com,780-778-7252
434,Zonnya,Dando,zdandoc1@booking.com,387-311-1167
435,Arvy,Wille,awillec2@dmoz.org,626-385-6331
436,Cynthie,Leek,cleekc3@weibo.com,396-151-5327
437,Roi,Peploe,rpeploec4@ucoz.com,129-300-1240
438,Garth,Searston,gsearstonc5@deliciousdays.com,941-180-0263
439,Sutherlan,Kell,skellc6@g.co,104-373-2079
440,Jaquelin,Roderick,jroderickc7@berkeley.edu,445-538-3210
441,Rad,Ridsdole,rridsdolec8@yelp.com,930-762-9447
442,Hedwiga,Mullett,hmullettc9@dmoz.org,559-834-1540
443,Gannon,Woollard,gwoollardca@dailymail.co.uk,572-204-1231
444,Chicky,Spenley,cspenleycb@123-reg.co.uk,418-942-3357
445,Wyatt,Casham,wcashamcc@craigslist.org,112-419-4696
446,Alric,Benardeau,abenardeaucd@shareasale.com,556-641-6082
447,Rakel,O'Fogarty,rofogartyce@jugem.jp,735-256-9048
448,Rod,Wolvey,rwolveycf@huffingtonpost.com,317-120-5617
449,Homerus,Di Maria,hdimariacg@elegantthemes.com,549-888-5487
450,Renaldo,Hessing,rhessingch@noaa.gov,895-668-7169
451,Dorry,Pellamont,dpellamontci@mtv.com,935-472-7505
452,Mace,Biasotti,mbiasotticj@vinaora.com,663-368-1779
453,Allison,Bryenton,abryentonck@reverbnation.com,921-939-2993
454,Adah,Gebb,agebbcl@pen.io,183-766-6248
455,Reinold,Wannan,rwannancm@timesonline.co.uk,454-845-1766
456,Tatiana,Cadman,tcadmancn@berkeley.edu,361-505-4303
457,Jennie,Scopes,jscopesco@disqus.com,518-356-1093
458,Cherey,Hischke,chischkecp@ameblo.jp,127-627-2285
459,Gabi,Knowlson,gknowlsoncq@google.ca,815-552-4418
460,Angela,Attrie,aattriecr@squarespace.com,673-774-6755
461,Dare,Nussgen,dnussgencs@upenn.edu,905-807-6238
462,Cale,McCaughren,cmccaughrenct@drupal.org,477-390-4984
463,Ignazio,Duinkerk,iduinkerkcu@ovh.net,604-607-1758
464,Anabel,Boodle,aboodlecv@google.com,205-110-1078
465,Gloria,Dealtry,gdealtrycw@usatoday.com,206-535-3112
466,Reid,Lindroos,rlindrooscx@taobao.com,333-560-4543
467,Anne,Swapp,aswappcy@arizona.edu,916-307-5593
468,Gertrude,Archibald,garchibaldcz@odnoklassniki.ru,802-729-1402
469,Wenona,Wallbridge,wwallbridged0@buzzfeed.com,834-897-5775
470,Roselin,Risdall,rrisdalld1@diigo.com,351-192-8325
471,Hamlen,Klaaassen,hklaaassend2@behance.net,646-405-5571
472,Bryon,Yurocjkin,byurocjkind3@amazon.co.uk,114-226-2760
473,Zedekiah,Thompsett,zthompsettd4@foxnews.com,647-395-7053
474,Jayme,MacDearmid,jmacdearmidd5@alexa.com,897-234-2703
475,Timothea,Tirte,ttirted6@webs.com,321-236-5305
476,Dorelia,Stickels,dstickelsd7@hp.com,508-386-6896
477,Melody,Rabley,mrableyd8@ocn.ne.jp,399-742-6841
478,Carroll,Roffey,croffeyd9@usnews.com,829-294-1556
479,Kakalina,Greenhill,kgreenhillda@hp.com,161-958-5146
480,Sydel,Briddock,sbriddockdb@163.com,273-509-1362
481,Katee,Choat,kchoatdc@mediafire.com,142-849-9098
482,Barbi,Tichner,btichnerdd@ucoz.com,979-701-8155
483,Prinz,MacGoun,pmacgounde@paginegialle.it,977-621-4299
484,Harp,Frickey,hfrickeydf@stumbleupon.com,158-202-2911
485,Joceline,Fearey,jfeareydg@mail.ru,445-991-3998
486,Lindsay,Nann,lnanndh@hud.gov,178-689-6623
487,Khalil,Ducker,kduckerdi@vinaora.com,965-821-1981
488,Jessalyn,Maplesden,jmaplesdendj@pcworld.com,905-436-8324
489,Gwendolin,Kernoghan,gkernoghandk@ezinearticles.com,436-111-6599
490,Emilio,Leftbridge,eleftbridgedl@indiegogo.com,520-125-1534
491,Garik,Cullum,gcullumdm@google.co.uk,975-948-0572
492,Carley,Colten,ccoltendn@arstechnica.com,840-135-4811
493,Kahlil,Crinage,kcrinagedo@cnbc.com,544-154-5904
494,Merci,Stanford,mstanforddp@irs.gov,650-903-4187
495,Roana,Sapwell,rsapwelldq@huffingtonpost.com,150-975-3204
496,Ottilie,Renvoise,orenvoisedr@angelfire.com,127-203-8031
497,Marcellina,Rafferty,mraffertyds@topsy.com,592-249-5099
498,Mort,Kimmince,mkimmincedt@theguardian.com,385-815-5511
499,Tann,Maureen,tmaureendu@cbsnews.com,877-866-9142
500,Maurita,Pringle,mpringledv@pcworld.com,539-240-3380
501,Antonius,Bendel,abendeldw@amazonaws.com,914-786-0974
502,Miof mela,Elam,melamdx@blogs.com,882-937-1831
503,Bobby,Anwyl,banwyldy@ucoz.com,265-794-9520
504,Maitilde,Albers,malbersdz@blinklist.com,172-498-9115
505,Eduardo,Mulbery,emulberye0@mail.ru,220-549-7014
506,Violante,Roe,vroee1@umich.edu,268-656-6354
507,Silvia,Webbe,swebbee2@sogou.com,268-250-1321
508,Peder,Rounds,proundse3@taobao.com,381-207-2981
509,Kellen,Dedenham,kdedenhame4@imageshack.us,293-173-7607
510,Faye,Aleksandrov,faleksandrove5@msu.edu,141-439-3976
511,Loni,Absolon,labsolone6@cdc.gov,789-332-1532
512,Sammie,Trimby,strimbye7@princeton.edu,449-474-9470
513,Ketty,Gianasi,kgianasie8@walmart.com,292-937-1191
514,Merle,Sultana,msultanae9@slate.com,699-591-8175
515,Phillis,Spedding,pspeddingea@ezinearticles.com,436-683-4506
516,Jenifer,Pauling,jpaulingeb@weibo.com,783-272-2003
517,Crista,Horning,chorningec@weibo.com,119-613-9426
518,Dot,Line,dlineed@ucsd.edu,845-578-2447
519,Lenci,Tod,ltodee@wp.com,314-624-7856
520,Jefferey,Quade,jquadeef@admin.ch,705-564-5994
521,Ivan,Hellicar,ihellicareg@mozilla.org,570-742-1751
522,Jerome,Roe,jroeeh@mlb.com,750-284-6818
523,Borg,MacCosty,bmaccostyei@bigcartel.com,509-373-8384
524,Harper,Adcocks,hadcocksej@about.me,107-676-4806
525,Jone,Penddreth,jpenddrethek@ihg.com,431-895-8801
526,Ron,Stittle,rstittleel@plala.or.jp,649-779-2274
527,Yolane,Feron,yferonem@paypal.com,520-321-4618
528,Hobard,Kirley,hkirleyen@indiegogo.com,901-574-3397
529,Trevar,De la Yglesias,tdelayglesiaseo@sbwire.com,274-640-1363
530,Morey,Huniwall,mhuniwallep@sohu.com,306-265-7091
531,Stanwood,O'Donnell,sodonnelleq@latimes.com,175-612-7526
532,Davida,Astill,dastiller@tumblr.com,916-808-9049
533,Abigale,Alger,aalgeres@oakley.com,130-331-8920
534,Kristel,Klehyn,kklehynet@163.com,302-106-3379
535,Rosina,Coldman,rcoldmaneu@google.com,738-131-9077
536,Noble,Camier,ncamierev@facebook.com,235-246-8990
537,Twyla,Pollak,tpollakew@mlb.com,178-934-0031
538,Gardiner,Seabourne,gseabourneex@salon.com,523-624-0311
539,Dennison,Dowse,ddowseey@ameblo.jp,728-955-8371
540,Elisha,Keys,ekeysez@miitbeian.gov.cn,576-456-1871
541,Deena,Rolls,drollsf0@xinhuanet.com,188-500-7389
542,Lawry,Frapwell,lfrapwellf1@phoca.cz,210-782-5770
543,Reider,Storrier,rstorrierf2@artisteer.com,855-427-5070
544,Brynn,Wrout,bwroutf3@home.pl,139-332-7332
545,Gloriane,Gregersen,ggregersenf4@springer.com,114-814-3436
546,Stevana,Alwell,salwellf5@oakley.com,985-424-5956
547,Orsola,Rodda,oroddaf6@scribd.com,113-282-9779
548,Arel,Bilsland,abilslandf7@weibo.com,633-412-1231
549,Cullie,Bilsland,cbilslandf8@google.cn,135-443-3117
550,Loella,Crosland,lcroslandf9@weather.com,180-731-2538
551,Berkie,Heinsius,bheinsiusfa@gov.uk,992-448-4196
552,Danya,Trytsman,dtrytsmanfb@state.tx.us,626-234-4320
553,Mab,Pepperill,mpepperillfc@ycombinator.com,484-770-4497
554,Lewie,Chasen,lchasenfd@army.mil,261-941-3381
555,Montgomery,Calafate,mcalafatefe@mail.ru,521-411-1480
556,Reinaldos,Burmingham,rburminghamff@abc.net.au,841-831-4340
557,Dotti,Amphlett,damphlettfg@zdnet.com,538-356-4656
558,Bearnard,Croome,bcroomefh@fastcompany.com,100-742-2641
559,Boyd,Sparling,bsparlingfi@sphinn.com,495-442-5529
560,Terence,Ruperti,trupertifj@unesco.org,602-717-3197
561,Molly,Kerswell,mkerswellfk@github.com,198-463-8807
562,Abbott,Sprouls,asproulsfl@auda.org.au,972-486-4736
563,Lanni,Holstein,lholsteinfm@who.int,791-622-7782
564,Hurley,Luto,hlutofn@msn.com,324-512-7944
565,Esta,Berkery,eberkeryfo@nymag.com,767-709-0410
566,Vasily,Grantham,vgranthamfp@biblegateway.com,455-738-9869
567,Ashley,Grishukhin,agrishukhinfq@edublogs.org,870-633-7291
568,Dawn,Izakovitz,dizakovitzfr@baidu.com,809-394-5619
569,Nick,Goutcher,ngoutcherfs@newsvine.com,330-523-4757
570,Cathrin,Andrioletti,candriolettift@wunderground.com,155-698-1985
571,Darrell,Ridley,dridleyfu@dyndns.org,266-543-1533
572,Kesley,Thick,kthickfv@hud.gov,523-344-3929
573,Obadiah,Kinavan,okinavanfw@deviantart.com,307-204-6355
574,Lemmy,Einchcombe,leinchcombefx@hhs.gov,189-625-3916
575,Amalea,Hebden,ahebdenfy@time.com,379-298-1402
576,Jules,Purvess,jpurvessfz@home.pl,102-495-6849
577,Abagail,Ryley,aryleyg0@rediff.com,227-469-3066
578,Ezri,Musgrave,emusgraveg1@discovery.com,593-379-6540
579,Pammy,Schachter,pschachterg2@yahoo.com,781-920-2915
580,Koralle,Majury,kmajuryg3@globo.com,691-570-6111
581,Shannan,Lounds,sloundsg4@livejournal.com,818-320-8558
582,Letitia,Zambonini,lzamboninig5@tiny.cc,250-629-0165
583,Cyndi,Reide,creideg6@msn.com,113-528-1990
584,Lizzy,Chellam,lchellamg7@sciencedaily.com,914-864-5481
585,Ellerey,Baggelley,ebaggelleyg8@harvard.edu,259-581-3237
586,Ardeen,Carslake,acarslakeg9@fda.gov,219-547-2819
587,Angie,Sclater,asclaterga@i2i.jp,215-973-0395
588,Charil,Hawthorne,chawthornegb@sfgate.com,260-425-7658
589,Jerrylee,Presnell,jpresnellgc@bandcamp.com,754-411-7699
590,Kinny,Pretty,kprettygd@princeton.edu,860-916-7208
591,Twila,Alibone,talibonege@earthlink.net,491-539-6108
592,See,Kleinsmuntz,skleinsmuntzgf@intel.com,224-928-3292
593,Mackenzie,Mc Ilory,mmcilorygg@irs.gov,855-222-9888
594,Ardis,Lettice,aletticegh@1688.com,598-717-8869
595,Aigneis,Alway,aalwaygi@gizmodo.com,646-454-1551
596,Sallee,Wolton,swoltongj@newyorker.com,949-932-0824
597,Ashleigh,Middler,amiddlergk@weebly.com,511-917-4533
598,Osmund,Velten,oveltengl@twitter.com,278-317-4716
599,Antonia,Sacher,asachergm@engadget.com,457-258-1181
600,Charmain,Sentinella,csentinellagn@cam.ac.uk,528-931-8158
601,Harvey,Houldcroft,hhouldcroftgo@indiatimes.com,460-425-3437
602,Desdemona,Behrens,dbehrensgp@hc360.com,841-711-8437
603,Chrisy,Hawkswood,chawkswoodgq@google.co.uk,967-626-8863
604,Dennie,Serrels,dserrelsgr@yandex.ru,373-640-5485
605,Betta,Penhalurick,bpenhalurickgs@upenn.edu,147-511-6375
606,Horace,Clelland,hclellandgt@privacy.gov.au,256-505-3814
607,Maisey,Camblin,mcamblingu@skyrock.com,956-596-9194
608,Kaylyn,Blaske,kblaskegv@multiply.com,495-916-7891
609,Papageno,Northen,pnorthengw@globo.com,168-785-9294
610,Zelma,Bignall,zbignallgx@harvard.edu,581-345-4355
611,Deck,Chalcroft,dchalcroftgy@51.la,688-210-4467
612,Karol,Bursnall,kbursnallgz@cdc.gov,699-310-3817
613,Connie,Curbishley,ccurbishleyh0@godaddy.com,193-250-3106
614,Hillyer,Pegler,hpeglerh1@jalbum.net,416-317-6750
615,Lyndsie,Elman,lelmanh2@netvibes.com,162-201-6813
616,Dorella,Fingleton,dfingletonh3@cafepress.com,697-712-8176
617,Coral,Fitzharris,cfitzharrish4@dmoz.org,791-104-2990
618,Demetri,Stallion,dstallionh5@meetup.com,901-730-3115
619,Eberhard,Whitmore,ewhitmoreh6@smugmug.com,516-137-8731
620,Tripp,Soffe,tsoffeh7@pagesperso-orange.fr,124-589-9685
621,Elsinore,Martinets,emartinetsh8@smugmug.com,716-760-9774
622,Ettie,Wike,ewikeh9@mozilla.org,511-508-8942
623,Anica,Laphorn,alaphornha@telegraph.co.uk,357-607-7866
624,Ame,Whannel,awhannelhb@de.vu,695-395-7709
625,Francyne,Lomasny,flomasnyhc@youtube.com,675-435-7407
626,Corinna,Considine,cconsidinehd@whitehouse.gov,665-494-2838
627,Juliann,Grint,jgrinthe@boston.com,186-584-8077
628,Dasie,Boughton,dboughtonhf@google.com.br,578-208-4288
629,Vickie,Yellowlee,vyellowleehg@lycos.com,555-429-7371
630,Warner,Ubanks,wubankshh@over-blog.com,215-192-0683
631,Ellary,Whiteson,ewhitesonhi@mtv.com,951-738-2219
632,Colan,Mc Caughen,cmccaughenhj@ox.ac.uk,927-261-6920
633,Kristan,Godbert,kgodberthk@slate.com,926-766-2728
634,Chaim,Ibel,cibelhl@reference.com,238-206-6373
635,Odelia,Allden,oalldenhm@sciencedaily.com,685-557-7967
636,Chen,Lamasna,clamasnahn@weather.com,895-508-9674
637,Diego,Maplethorpe,dmaplethorpeho@sakura.ne.jp,278-637-7995
638,Karlen,Turban,kturbanhp@discovery.com,254-813-2678
639,Patricia,Simonett,psimonetthq@hp.com,595-445-5082
640,Denny,Brimman,dbrimmanhr@wunderground.com,413-634-4693
641,Caroljean,Larciere,clarcierehs@army.mil,210-771-9301
642,Ivar,Piccard,ipiccardht@zdnet.com,314-813-8362
643,Gisela,Gibb,ggibbhu@paginegialle.it,958-641-5153
644,Judith,Willwood,jwillwoodhv@nba.com,600-225-5574
645,Hastings,Bernadon,hbernadonhw@adobe.com,758-861-0200
646,Darrick,Hadlington,dhadlingtonhx@cbslocal.com,301-294-9668
647,Damian,Spileman,dspilemanhy@msu.edu,506-824-5983
648,Kimmie,Dewis,kdewishz@spiegel.de,912-222-0904
649,Anthony,Oliphard,aoliphardi0@fotki.com,233-395-0553
650,Jeramie,Cubbino,jcubbinoi1@gravatar.com,920-103-8433
651,Salli,Croneen,scroneeni2@uiuc.edu,417-688-4226
652,Armstrong,Tracey,atraceyi3@jalbum.net,711-329-2892
653,Holden,Pidon,hpidoni4@usgs.gov,753-658-0361
654,Georgianna,Dyster,gdysteri5@google.ru,132-736-7771
655,Reiko,Bottrill,rbottrilli6@simplemachines.org,712-238-6065
656,Gregg,Dullingham,gdullinghami7@homestead.com,957-221-0389
657,Nellie,Litterick,nlittericki8@ustream.tv,706-295-5755
658,Arny,Toolin,atoolini9@nih.gov,145-545-3787
659,Brandea,Batchley,bbatchleyia@umn.edu,574-689-0581
660,Maureen,Kosel,mkoselib@phoca.cz,435-597-2994
661,Benoite,Minchinton,bminchintonic@mit.edu,149-941-0911
662,Grete,Harcourt,gharcourtid@youtu.be,502-345-6903
663,Giuditta,Roakes,groakesie@xing.com,328-861-0652
664,Ann-marie,Grinyer,agrinyerif@state.tx.us,328-667-4534
665,Reyna,Lau,rlauig@etsy.com,660-371-3534
666,Ajay,Minithorpe,aminithorpeih@addthis.com,455-297-4799
667,Nicola,Sangwin,nsangwinii@amazon.co.uk,838-124-7314
668,Loren,Barrington,lbarringtonij@macromedia.com,979-879-4040
669,Konstantine,Lymer,klymerik@toplist.cz,281-754-6850
670,Mirna,Carncross,mcarncrossil@icq.com,859-515-9923
671,Letty,Hatch,lhatchim@mlb.com,371-274-8445
672,Cris,Geyton,cgeytonin@house.gov,591-180-3424
673,Guenevere,Hagard,ghagardio@people.com.cn,332-600-9930
674,Lancelot,Fortune,lfortuneip@liveinternet.ru,164-418-5687
675,Salem,Reddie,sreddieiq@jiathis.com,726-564-7766
676,Johanna,Hegdonne,jhegdonneir@csmonitor.com,162-884-1774
677,Ollie,Linggood,olinggoodis@webeden.co.uk,374-846-3174
678,Benedetto,Yorath,byorathit@posterous.com,477-283-8862
679,Timmie,Shoebridge,tshoebridgeiu@springer.com,741-235-9353
680,Valentine,Vaudre,vvaudreiv@nytimes.com,792-235-5587
681,Emmey,Tiron,etironiw@engadget.com,439-253-2959
682,Man,Temby,mtembyix@cocolog-nifty.com,990-684-9378
683,Tiff,Brailsford,tbrailsfordiy@angelfire.com,271-752-0108
684,Robbert,Grahame,rgrahameiz@squarespace.com,959-313-2680
685,Edmon,Garz,egarzj0@cisco.com,205-128-7753
686,Claretta,Eckersall,ceckersallj1@harvard.edu,808-984-8106
687,Elnora,Eddington,eeddingtonj2@dion.ne.jp,996-888-8159
688,Wright,Boldison,wboldisonj3@globo.com,157-366-6952
689,Iver,Blizard,iblizardj4@rambler.ru,400-898-0047
690,Perice,Ganforth,pganforthj5@patch.com,548-460-0492
691,Kimberlyn,Brewis,kbrewisj6@friendfeed.com,340-180-8047
692,Hedwig,Reame,hreamej7@mac.com,373-783-9791
693,Elsy,Morit,emoritj8@infoseek.co.jp,422-548-2662
694,Meaghan,Pottell,mpottellj9@pcworld.com,196-713-3919
695,Grover,Hardwich,ghardwichja@opera.com,708-767-3014
696,Rodrigo,Bentall,rbentalljb@buzzfeed.com,344-269-4778
697,Hilary,Drillot,hdrillotjc@sciencedaily.com,554-609-6856
698,Dorita,Dadge,ddadgejd@friendfeed.com,634-452-1386
699,Madella,Kitter,mkitterje@senate.gov,240-109-7711
700,Fredericka,Bence,fbencejf@unblog.fr,960-618-9185
701,Luciana,Bramall,lbramalljg@free.fr,649-813-8678
702,Esteban,Amber,eamberjh@adobe.com,271-267-4437
703,Freedman,Lutman,flutmanji@ucsd.edu,995-423-4134
704,Wolf,Sprules,wsprulesjj@google.de,795-235-8206
705,Mirabel,Cupper,mcupperjk@gov.uk,120-894-2480
706,Artemas,Khristyukhin,akhristyukhinjl@gov.uk,949-928-9095
707,Blanche,Tosney,btosneyjm@wisc.edu,112-778-5503
708,Darren,De'Vere - Hunt,ddeverehuntjn@1und1.de,470-388-5049
709,Ulick,Kupke,ukupkejo@cargocollective.com,985-670-5363
710,Drucy,Brockhurst,dbrockhurstjp@latimes.com,323-874-8818
711,Lissi,Braganca,lbragancajq@wikipedia.org,766-797-8126
712,Gilberta,Hallum,ghallumjr@comcast.net,397-712-5053
713,Quintilla,Gasquoine,qgasquoinejs@opera.com,398-118-2320
714,Sayre,Simione,ssimionejt@amazon.com,162-591-5558
715,Hilliary,Jeanet,hjeanetju@indiegogo.com,107-589-8521
716,Loralyn,Baitey,lbaiteyjv@paginegialle.it,924-643-8510
717,Nydia,Lygoe,nlygoejw@wikimedia.org,351-694-5526
718,Ally,Sauven,asauvenjx@cisco.com,923-551-4205
719,Udall,Massie,umassiejy@yellowbook.com,123-380-5402
720,Mari,Devita,mdevitajz@unblog.fr,445-636-3329
721,Roselle,Neale,rnealek0@icq.com,566-967-9340
722,Yale,Casswell,ycasswellk1@sakura.ne.jp,735-852-6873
723,Bambie,Hawsby,bhawsbyk2@opera.com,206-895-4358
724,Hoyt,Dodman,hdodmank3@phoca.cz,296-268-7698
725,Sybilla,Foulstone,sfoulstonek4@latimes.com,610-553-6196
726,Alastair,Taree,atareek5@clickbank.net,720-312-9875
727,Tammy,Copner,tcopnerk6@wired.com,834-190-8238
728,Lucais,Wrench,lwrenchk7@ox.ac.uk,246-145-6511
729,Sidnee,Rayer,srayerk8@xrea.com,847-345-0364
730,Celina,Guyer,cguyerk9@networksolutions.com,226-690-2299
731,Jennifer,Ramsier,jramsierka@ihg.com,254-647-5961
732,Florry,Londors,flondorskb@g.co,601-147-5025
733,Madonna,Clipsham,mclipshamkc@gnu.org,702-142-9890
734,Davy,Watling,dwatlingkd@nifty.com,274-663-6806
735,Hillary,Hutt,hhuttke@sogou.com,489-502-3795
736,Sibel,Dinley,sdinleykf@wordpress.com,960-903-1319
737,Dulcine,Haddock,dhaddockkg@xing.com,358-591-4514
738,Gauthier,Cereceres,gcerecereskh@barnesandnoble.com,618-230-6817
739,Ardeen,Dickie,adickieki@blinklist.com,746-797-0951
740,Beatrisa,Swiers,bswierskj@arstechnica.com,868-706-2378
741,Eleni,Luno,elunokk@sbwire.com,513-511-7439
742,Romola,Jallin,rjallinkl@google.de,445-225-0428
743,Tabatha,Roggeman,troggemankm@cdbaby.com,384-280-7695
744,Edgard,Bewlie,ebewliekn@dion.ne.jp,757-287-4474
745,Giana,Billany,gbillanyko@foxnews.com,426-369-8860
746,Leonie,Ekins,lekinskp@state.gov,417-134-1785
747,Tobi,Wiltshaw,twiltshawkq@chron.com,518-128-0522
748,Thaddus,Hembrow,thembrowkr@typepad.com,803-295-5787
749,Camellia,Waldron,cwaldronks@nytimes.com,217-214-9985
750,Maude,Pentycross,mpentycrosskt@msu.edu,948-622-7154
751,Jarrod,Bosenworth,jbosenworthku@netvibes.com,874-999-2220
752,Elvin,Arnaudin,earnaudinkv@wiley.com,452-970-2008
753,Hilarius,Betke,hbetkekw@privacy.gov.au,942-989-5958
754,Dennet,Braitling,dbraitlingkx@theatlantic.com,638-234-9829
755,Shell,Gudyer,sgudyerky@webnode.com,651-822-5478
756,Glori,Snipe,gsnipekz@oracle.com,120-837-7646
757,Nicki,Arndt,narndtl0@163.com,634-897-0095
758,Bill,Antonietti,bantoniettil1@dell.com,564-228-2167
759,Frederic,Stoodale,fstoodalel2@nbcnews.com,922-547-8968
760,Cammy,Featherstonhaugh,cfeatherstonhaughl3@blog.com,424-792-5783
761,Odey,Franscioni,ofranscionil4@amazonaws.com,293-797-2451
762,Starlin,Mapplebeck,smapplebeckl5@va.gov,579-931-0705
763,Mortie,Srutton,msruttonl6@google.es,265-207-4555
764,Diandra,Coggles,dcogglesl7@multiply.com,311-302-7431
765,Lezlie,Blackhall,lblackhalll8@godaddy.com,804-304-0643
766,Rhea,Davion,rdavionl9@reddit.com,169-336-7468
767,Gregg,Peacey,gpeaceyla@diigo.com,426-152-5332
768,Zahara,Mabbott,zmabbottlb@china.com.cn,710-669-1883
769,Danita,Hammond,dhammondlc@issuu.com,730-217-1555
770,Stace,Wilstead,swilsteadld@amazonaws.com,942-170-6757
771,Ritchie,Swatheridge,rswatheridgele@discovery.com,613-485-6968
772,Aubert,Dower,adowerlf@state.tx.us,850-853-4853
773,Lexine,Kobiera,lkobieralg@businessweek.com,123-909-0301
774,Reider,Sneden,rsnedenlh@smh.com.au,587-444-0782
775,Beilul,Dufaur,bdufaurli@paginegialle.it,391-254-6861
776,Cobb,Heatley,cheatleylj@smh.com.au,680-760-7928
777,Mirna,Ellison,mellisonlk@prlog.org,405-470-5058
778,Alisander,de Villier,adevillierll@list-manage.com,451-298-0819
779,Panchito,Gavin,pgavinlm@jimdo.com,114-902-7108
780,Sharline,Falco,sfalcoln@homestead.com,977-711-4733
781,Jerome,Speake,jspeakelo@mapy.cz,645-251-1564
782,Emelita,Pimblotte,epimblottelp@globo.com,529-284-2170
783,Ronnie,Sancraft,rsancraftlq@free.fr,757-574-9882
784,Sherm,Greeves,sgreeveslr@tiny.cc,297-256-9031
785,Daryl,Pauluzzi,dpauluzzils@whitehouse.gov,179-908-7167
786,Miquela,Wellbelove,mwellbelovelt@parallels.com,603-820-7666
787,Briggs,Worral,bworrallu@jigsy.com,679-304-1001
788,Hermon,Allwood,hallwoodlv@dmoz.org,244-688-6622
789,Denny,Gantlett,dgantlettlw@huffingtonpost.com,351-747-2577
790,Calhoun,Ashbolt,cashboltlx@friendfeed.com,906-829-7637
791,Thom,Lintall,tlintallly@globo.com,671-545-1291
792,Merrili,Giraldez,mgiraldezlz@studiopress.com,454-811-5827
793,Erie,Patemore,epatemorem0@netlog.com,178-727-8870
794,Bent,Buche,bbuchem1@blogtalkradio.com,155-930-7100
795,Nicolle,Killock,nkillockm2@behance.net,559-150-3948
796,Spence,Andreazzi,sandreazzim3@slashdot.org,928-354-0471
797,Shaine,Tressler,stresslerm4@netvibes.com,422-955-3838
798,Barrie,Stute,bstutem5@blogtalkradio.com,506-876-7361
799,Odo,Drinkwater,odrinkwaterm6@soundcloud.com,778-865-5999
800,Emelina,Crumley,ecrumleym7@amazon.co.uk,736-842-8537
801,Guntar,Garaghan,ggaraghanm8@liveinternet.ru,375-708-9278
802,Pearle,Andrioni,pandrionim9@nydailynews.com,976-283-2375
803,Vida,Enden,vendenma@cyberchimps.com,352-874-4998
804,Davin,Solano,dsolanomb@businessinsider.com,668-671-4102
805,Murdock,Bannell,mbannellmc@plala.or.jp,306-336-2385
806,Malynda,Mariel,mmarielmd@latimes.com,826-271-4791
807,Shelbi,Turmall,sturmallme@myspace.com,579-746-5684
808,Ninette,Halson,nhalsonmf@t.co,608-658-2107
809,Sal,Sprull,ssprullmg@goo.ne.jp,612-285-9473
810,Antoni,Swayton,aswaytonmh@amazon.de,901-210-0068
811,Percival,Geram,pgerammi@privacy.gov.au,349-986-0798
812,Mair,Pawel,mpawelmj@reference.com,234-615-2454
813,Suzann,Larcier,slarciermk@printfriendly.com,911-233-7202
814,Irita,Sullivan,isullivanml@ehow.com,365-394-1047
815,Elvin,Juan,ejuanmm@tumblr.com,436-974-1256
816,Sharon,Nettle,snettlemn@weebly.com,702-917-7293
817,Prudi,Duerden,pduerdenmo@hibu.com,335-511-3809
818,Caesar,Langcaster,clangcastermp@vk.com,562-133-6337
819,Caresse,Snalham,csnalhammq@eepurl.com,166-721-6871
820,Vyky,Ommanney,vommanneymr@intel.com,952-432-5118
821,Galina,Watkins,gwatkinsms@state.gov,964-276-3610
822,Maddie,Abramson,mabramsonmt@ebay.co.uk,955-860-9569
823,Alberik,Poxton,apoxtonmu@unesco.org,295-257-5010
824,Juan,MacFadden,jmacfaddenmv@phoca.cz,506-474-1941
825,Jordon,Arkin,jarkinmw@bing.com,740-638-0286
826,Rodina,Jacquot,rjacquotmx@google.ca,210-903-7684
827,Karon,Redley,kredleymy@blogtalkradio.com,423-946-1469
828,Dulcine,Skryne,dskrynemz@pbs.org,302-907-7590
829,Kippie,MacCumiskey,kmaccumiskeyn0@oaic.gov.au,499-270-2675
830,Richard,Tabner,rtabnern1@meetup.com,711-734-0617
831,Henryetta,Jancik,hjancikn2@craigslist.org,379-952-1232
832,Calla,Walbrook,cwalbrookn3@yale.edu,677-221-4068
833,Patrizio,Catherall,pcatheralln4@myspace.com,216-837-4729
834,Casey,Sillis,csillisn5@newyorker.com,277-813-5049
835,Caleb,Louca,cloucan6@indiatimes.com,975-371-0193
836,Chadd,Ellingsworth,cellingsworthn7@opensource.org,913-544-2016
837,Delphinia,Trime,dtrimen8@csmonitor.com,249-609-4035
838,Vernor,Minmagh,vminmaghn9@mysql.com,865-808-6196
839,Olympia,Gaitskell,ogaitskellna@flickr.com,402-379-7798
840,Kristal,Davoren,kdavorennb@aol.com,244-237-4002
841,Olga,MacTague,omactaguenc@google.ru,573-378-1226
842,Clemente,Fitzer,cfitzernd@rediff.com,697-475-5358
843,Corabelle,Haldon,chaldonne@cdc.gov,860-946-5166
844,Monika,Rainsdon,mrainsdonnf@narod.ru,122-807-2483
845,Inger,Nickels,inickelsng@chicagotribune.com,715-966-2690
846,Ravid,Grafton,rgraftonnh@multiply.com,259-649-1762
847,Lukas,Attoe,lattoeni@slideshare.net,673-172-5023
848,Thaine,Hubbard,thubbardnj@phoca.cz,757-356-5511
849,Tripp,Trawin,ttrawinnk@clickbank.net,357-126-7526
850,Bertha,Fitchell,bfitchellnl@cyberchimps.com,235-106-5907
851,Maxy,Smails,msmailsnm@privacy.gov.au,160-467-5416
852,Norry,Ferruzzi,nferruzzinn@mail.ru,763-891-5039
853,Sula,Handman,shandmanno@live.com,797-456-1282
854,Elva,Huxton,ehuxtonnp@phpbb.com,476-784-8690
855,Sophey,Middis,smiddisnq@mozilla.org,160-828-0190
856,Maggie,Patrick,mpatricknr@skyrock.com,858-315-0553
857,Alasdair,Flisher,aflisherns@alibaba.com,383-564-3252
858,Des,Giddings,dgiddingsnt@booking.com,978-972-8731
859,Carlynn,Rowlett,crowlettnu@quantcast.com,392-979-1147
860,Wallache,Kolodziej,wkolodziejnv@europa.eu,281-347-9838
861,Lisabeth,De Meis,ldemeisnw@ted.com,735-254-1046
862,Kelwin,Jenicek,kjeniceknx@surveymonkey.com,253-383-2732
863,Crawford,Blenkharn,cblenkharnny@jugem.jp,142-366-1333
864,Pacorro,Bunten,pbuntennz@edublogs.org,744-282-1455
865,Corbie,Rosenstock,crosenstocko0@mac.com,853-428-1114
866,Yelena,MacColl,ymaccollo1@answers.com,755-309-8308
867,Germain,Pirozzi,gpirozzio2@zdnet.com,962-776-0594
868,Neron,Charnley,ncharnleyo3@dell.com,616-171-1255
869,Rois,Netley,rnetleyo4@artisteer.com,801-907-5439
870,Bernice,McInility,bmcinilityo5@bing.com,461-858-7286
871,Chico,Coumbe,ccoumbeo6@unc.edu,400-377-7716
872,Hermie,Jancik,hjanciko7@spotify.com,495-605-6006
873,Trudi,Biddles,tbiddleso8@alexa.com,534-229-1153
874,Nelly,Angel,nangelo9@about.me,308-494-4913
875,Albrecht,Ortiga,aortigaoa@reddit.com,868-340-4375
876,Rafaela,Cranmor,rcranmorob@npr.org,546-259-5773
877,Broderic,Welland,bwellandoc@sourceforge.net,883-999-7829
878,Marna,Ortells,mortellsod@cnn.com,323-302-3833
879,Arabella,Geraldi,ageraldioe@intel.com,199-133-4402
880,Harper,McPhate,hmcphateof@myspace.com,979-721-3021
881,Selig,Hulburd,shulburdog@wiley.com,613-153-6955
882,Vaclav,Sherrington,vsherringtonoh@instagram.com,671-748-9177
883,Rebe,Assante,rassanteoi@vistaprint.com,674-354-2840
884,Hetti,Jeskins,hjeskinsoj@dagondesign.com,736-145-3779
885,Demetria,McLeish,dmcleishok@digg.com,119-559-1429
886,Andonis,Keming,akemingol@icio.us,243-692-9807
887,Elinore,Ayrs,eayrsom@netscape.com,327-847-4802
888,Mabel,Harrie,mharrieon@smugmug.com,210-818-1259
889,Ed,Echlin,eechlinoo@over-blog.com,616-651-3526
890,Mireielle,Zorer,mzorerop@smh.com.au,403-834-1516
891,Bruis,Eltun,beltunoq@aboutads.info,947-981-5569
892,Catlaina,Hollier,chollieror@freewebs.com,320-500-2781
893,Chad,Worthington,cworthingtonos@tinyurl.com,535-318-8374
894,Hazel,Goodger,hgoodgerot@unblog.fr,483-791-6058
895,Amandie,Gerhold,agerholdou@netlog.com,668-632-1351
896,Meryl,Priver,mpriverov@google.co.jp,470-861-6596
897,Mallorie,Boat,mboatow@utexas.edu,545-840-4572
898,Zea,Itzakson,zitzaksonox@twitter.com,494-635-1917
899,Blair,Smallcombe,bsmallcombeoy@cbc.ca,577-919-0918
900,Georgie,Godard,ggodardoz@buzzfeed.com,657-282-3242
901,Jarrad,Kieff,jkieffp0@japanpost.jp,431-379-9317
902,Loni,Looby,lloobyp1@histats.com,342-548-7513
903,Dehlia,Scobbie,dscobbiep2@wikispaces.com,407-422-3448
904,Babb,Scarratt,bscarrattp3@statcounter.com,606-821-9056
905,Chaunce,Birckmann,cbirckmannp4@apple.com,425-512-6074
906,Brigida,Goward,bgowardp5@clickbank.net,130-499-2329
907,Vlad,Roddick,vroddickp6@cnn.com,991-959-4170
908,Jerrilyn,Mapstone,jmapstonep7@mediafire.com,642-967-9722
909,Gwenore,Gerardot,ggerardotp8@ucoz.com,482-221-0030
910,Guy,Beddoes,gbeddoesp9@wikimedia.org,379-495-8208
911,Ford,Carnegy,fcarnegypa@sbwire.com,448-735-6513
912,Alta,Sansum,asansumpb@tripadvisor.com,702-801-0556
913,Horacio,Saffin,hsaffinpc@histats.com,345-689-4686
914,Tiphanie,MacQuarrie,tmacquarriepd@live.com,792-196-6525
915,Justina,Kenworthey,jkenwortheype@cbslocal.com,659-265-7463
916,Hollis,Isson,hissonpf@youku.com,942-368-6833
917,Aubrey,Wassell,awassellpg@facebook.com,739-582-8060
918,Moishe,Nisbet,mnisbetph@reference.com,939-844-1643
919,Moses,Graffham,mgraffhampi@a8.net,582-545-4150
920,Lefty,Dilnot,ldilnotpj@unblog.fr,578-249-7578
921,Ferne,Hobble,fhobblepk@ucsd.edu,737-253-9197
922,Elinore,O' Faherty,eofahertypl@tinyurl.com,448-302-2587
923,Chicky,Pring,cpringpm@noaa.gov,178-613-0834
924,Tommie,Garbott,tgarbottpn@auda.org.au,215-925-5125
925,Hermann,Jakubowicz,hjakubowiczpo@wp.com,463-767-4799
926,Nickolaus,Iacabucci,niacabuccipp@cbsnews.com,859-121-1417
927,Korey,Fernez,kfernezpq@imgur.com,806-563-5639
928,Howard,Grellier,hgrellierpr@toplist.cz,737-787-7718
929,Ardith,Manuel,amanuelps@altervista.org,410-541-9279
930,Uriel,Strood,ustroodpt@state.tx.us,288-733-8437
931,Brand,Clayworth,bclayworthpu@phoca.cz,519-879-3164
932,Cassandre,Leipold,cleipoldpv@paypal.com,788-171-2189
933,Byran,Nevin,bnevinpw@uiuc.edu,563-973-4311
934,Vilma,Heijnen,vheijnenpx@ifeng.com,710-593-9921
935,Jeanna,Marl,jmarlpy@yellowbook.com,538-533-2884
936,Nikkie,Mabey,nmabeypz@unesco.org,670-134-2556
937,Truman,Allon,tallonq0@virginia.edu,130-290-9480
938,Lawton,Van Leijs,lvanleijsq1@chicagotribune.com,227-871-1920
939,Doloritas,Bambra,dbambraq2@mlb.com,886-623-7557
940,Bron,Dugall,bdugallq3@shop-pro.jp,627-112-0743
941,Becky,Immer,bimmerq4@stanford.edu,738-544-6034
942,Glenn,Greiswood,ggreiswoodq5@google.es,121-558-9708
943,Salvador,Dongate,sdongateq6@nps.gov,329-586-7063
944,Eleanore,Maides,emaidesq7@gov.uk,729-131-7562
945,Basilio,Shimmings,bshimmingsq8@miibeian.gov.cn,448-239-7000
946,Tiffani,Barsham,tbarshamq9@fema.gov,159-311-0006
947,Shanda,Dennington,sdenningtonqa@google.com.hk,219-429-2530
948,Dorree,Sey,dseyqb@globo.com,351-487-6553
949,Tory,McKerton,tmckertonqc@creativecommons.org,329-923-7504
950,Terrence,Holsey,tholseyqd@addtoany.com,257-652-9979
951,Gaultiero,Fane,gfaneqe@aol.com,568-264-5075
952,Ellette,Lampkin,elampkinqf@t.co,539-795-9721
953,Grady,Grono,ggronoqg@dagondesign.com,637-717-0702
954,Trudey,Hovee,thoveeqh@surveymonkey.com,948-449-3869
955,Melva,Stowte,mstowteqi@freewebs.com,950-462-4973
956,Cicely,Twinterman,ctwintermanqj@typepad.com,679-304-3125
957,Ozzie,Panting,opantingqk@list-manage.com,187-777-3419
958,Trevor,Walkingshaw,twalkingshawql@hubpages.com,885-146-5360
959,Fran,McWilliam,fmcwilliamqm@wikia.com,596-510-0290
960,Christos,Illidge,cillidgeqn@hhs.gov,616-552-7383
961,Ketty,Hurren,khurrenqo@livejournal.com,379-613-7329
962,Rois,Branston,rbranstonqp@linkedin.com,446-872-8527
963,Chance,Sackler,csacklerqq@g.co,245-598-3595
964,Liuka,Hedgeley,lhedgeleyqr@sciencedirect.com,546-382-8308
965,Bev,Sanders,bsandersqs@utexas.edu,289-701-6139
966,Roy,Dungate,rdungateqt@vistaprint.com,912-152-3929
967,Kip,Grisard,kgrisardqu@unc.edu,621-726-1514
968,Reed,Riceards,rriceardsqv@wordpress.org,539-617-8234
969,Hilde,Bullant,hbullantqw@ftc.gov,224-415-6355
970,Brear,Guiel,bguielqx@intel.com,671-285-9751
971,Myrlene,Dempsey,mdempseyqy@yandex.ru,681-864-5291
972,Candace,Osbaldeston,cosbaldestonqz@yahoo.com,691-549-9055
973,Stella,Pococke,spococker0@com.com,532-368-3581
974,Fayth,Jerg,fjergr1@networkadvertising.org,444-642-0126
975,Dorothee,Hattoe,dhattoer2@utexas.edu,435-399-3225
976,Felic,Sanja,fsanjar3@cbslocal.com,431-417-0422
977,Sondra,Butterfint,sbutterfintr4@elpais.com,129-698-7064
978,Cynthy,Adderley,cadderleyr5@free.fr,989-671-1829
979,Hector,Cottem,hcottemr6@fc2.com,321-974-4459
980,Raf,Skipperbottom,rskipperbottomr7@wp.com,923-282-2459
981,Allegra,Calbaithe,acalbaither8@wikipedia.org,881-741-3439
982,Martainn,Giorgetti,mgiorgettir9@youku.com,685-218-9073
983,Conan,Gathercoal,cgathercoalra@illinois.edu,937-600-2364
984,Leanna,Blackham,lblackhamrb@prweb.com,515-707-9285
985,Elmore,Broom,ebroomrc@walmart.com,213-696-9448
986,Brewer,Muirhead,bmuirheadrd@youtube.com,882-172-6508
987,Arleta,Mee,ameere@dell.com,756-956-3876
988,Dulciana,Paddy,dpaddyrf@fc2.com,226-884-5524
989,Claudette,Banke,cbankerg@jigsy.com,917-710-3865
990,Arlinda,Halloran,ahalloranrh@amazon.de,902-416-7460
991,Moira,Weepers,mweepersri@cafepress.com,391-854-9407
992,Alisa,Hawse,ahawserj@barnesandnoble.com,167-273-4939
993,Tarrah,Beche,tbecherk@dell.com,623-837-4580
994,Fee,Castanaga,fcastanagarl@nps.gov,243-789-3833
995,Herman,Somner,hsomnerrm@foxnews.com,813-410-3329
996,Caril,Killeley,ckilleleyrn@comcast.net,202-792-2744
997,Tad,Remer,tremerro@boston.com,477-421-5625
998,Courtnay,Sydney,csydneyrp@goo.gl,694-687-1357
999,Hort,Mercik,hmercikrq@google.co.uk,743-683-7870
1000,Thatch,Limprecht,tlimprechtrr@privacy.gov.au,835-645-6006
