id,first_name,last_name,email,gender,address,birth
1,Wright,Leven,wleven0@hibu.com,Male,7 Havey Street,5/29/2022
2,Marcus,Rookesby,mrookesby1@nps.gov,Male,091 Chive Parkway,11/11/2022
3,Walther,Copsey,wcopsey2@amazonaws.com,Male,8 Beilfuss Pass,12/24/2022
4,Cybil,Stonham,cstonham3@fotki.com,Female,29 Wayridge Junction,1/27/2023
5,Rora,Alwell,ralwell4@statcounter.com,Female,89748 Sachs Trail,9/8/2022
6,Verla,Risebrow,vrisebrow5@flickr.com,Female,6295 Barnett Trail,3/2/2023
7,Madelena,Baudinet,mbaudinet6@newyorker.com,Female,68991 Lotheville Trail,2/21/2023
8,Emilio,Saggs,esaggs7@nydailynews.com,Male,29947 Basil Junction,4/9/2023
9,Adda,Tuckley,atuckley8@chicagotribune.com,Female,0 Blaine Way,12/19/2022
10,Berty,Chopin,bchopin9@netvibes.com,Male,29 Upham Road,8/7/2022
11,Mirna,Claris,mclarisa@ezinearticles.com,Female,6875 Leroy Drive,4/26/2023
12,Justinn,Brann,jbrannb@csmonitor.com,Female,229 Westport Point,2/1/2023
13,Anestassia,Orknay,aorknayc@blinklist.com,Female,2586 Granby Road,6/17/2022
14,Anette,Heinsius,aheinsiusd@irs.gov,Female,62791 Warbler Park,8/14/2022
15,Star,Nannini,snanninie@1688.com,Female,0 Arizona Center,8/24/2022
16,Marguerite,Haysman,mhaysmanf@google.cn,Female,5 Lerdahl Road,1/2/2023
17,Clair,Crake,ccrakeg@nature.com,Female,7518 Thackeray Park,1/6/2023
18,Robb,Charge,rchargeh@state.gov,Genderqueer,2140 Jay Trail,4/8/2023
19,Trever,Sealey,tsealeyi@admin.ch,Male,25 Little Fleur Alley,7/12/2022
20,Randa,Dulanty,rdulantyj@printfriendly.com,Female,08 Bartelt Hill,4/23/2023
21,Corri,Semrad,csemradk@illinois.edu,Polygender,6780 Knutson Circle,6/14/2022
22,Harvey,Harrison,hharrisonl@buzzfeed.com,Male,6 Cody Alley,10/28/2022
23,Cale,Barkley,cbarkleym@springer.com,Male,5 5th Park,2/11/2023
24,Yolanda,Grzes,ygrzesn@spiegel.de,Female,264 Pennsylvania Road,7/18/2022
25,Alfie,Girard,agirardo@java.com,Female,81002 Sachs Road,9/25/2022
26,Serena,Ferroli,sferrolip@umn.edu,Female,94 Prairie Rose Trail,6/30/2022
27,Price,Boig,pboigq@smugmug.com,Genderfluid,08 Mayer Parkway,8/28/2022
28,Danita,Zorener,dzorenerr@bloglovin.com,Female,74 Moland Terrace,4/4/2023
29,Rayner,Hanway,rhanways@bluehost.com,Male,3 Vidon Alley,9/30/2022
30,Thedrick,Gerhts,tgerhtst@skyrock.com,Male,13580 Amoth Pass,5/16/2022
31,Betti,Braithwaite,bbraithwaiteu@sbwire.com,Female,98588 Melrose Crossing,6/20/2022
32,Aldridge,Flatman,aflatmanv@icio.us,Male,9239 Stephen Terrace,8/6/2022
33,Abelard,Nertney,anertneyw@vinaora.com,Male,218 Memorial Pass,4/19/2023
34,Janetta,Bessent,jbessentx@google.nl,Female,586 Daystar Hill,8/29/2022
35,Katinka,Klimus,kklimusy@aol.com,Female,0470 Mosinee Junction,1/17/2023
36,Marris,Gladdifh,mgladdifhz@ed.gov,Female,39054 Cherokee Point,9/17/2022
37,Jemima,Benois,jbenois10@columbia.edu,Female,9447 Stang Plaza,5/21/2022
38,Nedda,Scapens,nscapens11@dion.ne.jp,Female,56800 Dayton Terrace,1/3/2023
39,Reese,Westmancoat,rwestmancoat12@about.com,Male,713 Hanson Alley,2/2/2023
40,Maryann,Sabin,msabin13@wikipedia.org,Female,00271 Hermina Avenue,3/30/2023
41,Avrom,Yarrell,ayarrell14@slate.com,Male,81 Orin Road,12/1/2022
42,Uri,Degoey,udegoey15@geocities.com,Male,19234 Comanche Crossing,6/14/2022
43,Ingram,Shiers,ishiers16@arizona.edu,Male,1 Vidon Alley,8/11/2022
44,Gabriello,Zambon,gzambon17@dailymotion.com,Male,46830 Sachtjen Way,4/13/2023
45,Thadeus,Robens,trobens18@comsenz.com,Male,604 Susan Way,9/23/2022
46,Caria,Fedynski,cfedynski19@wikipedia.org,Female,748 Paget Circle,10/25/2022
47,Effie,Holleworth,eholleworth1a@alexa.com,Female,65 Hanover Road,3/3/2023
48,Sarena,Worg,sworg1b@salon.com,Agender,52 Farragut Crossing,7/6/2022
49,Zacharie,Antonnikov,zantonnikov1c@imdb.com,Male,7 Westerfield Place,2/20/2023
50,Clayborn,Force,cforce1d@icio.us,Male,3 West Court,8/28/2022
51,Glad,Thundercliffe,gthundercliffe1e@usatoday.com,Female,564 Walton Trail,9/17/2022
52,Deva,O'Connolly,doconnolly1f@tripadvisor.com,Female,7718 Hoard Lane,8/7/2022
53,Linnell,Synnott,lsynnott1g@gizmodo.com,Genderfluid,0355 Jenifer Point,8/4/2022
54,Rakel,Laba,rlaba1h@xing.com,Non-binary,62253 Little Fleur Pass,1/18/2023
55,Tiebold,Cluley,tcluley1i@msn.com,Male,16363 Dovetail Center,11/19/2022
56,Alyda,Kinnear,akinnear1j@angelfire.com,Female,6 Roth Pass,5/28/2022
57,Laney,Manuelli,lmanuelli1k@github.com,Female,7999 New Castle Crossing,9/15/2022
58,Sonny,Quaintance,squaintance1l@etsy.com,Female,2 Vermont Point,8/3/2022
59,Malynda,Stambridge,mstambridge1m@ebay.co.uk,Female,64533 Raven Park,3/7/2023
60,Gaylor,Mozzetti,gmozzetti1n@go.com,Male,0586 Jenifer Way,11/27/2022
61,Alexis,Carbine,acarbine1o@abc.net.au,Female,1414 Rutledge Plaza,1/10/2023
62,Mira,Blemings,mblemings1p@studiopress.com,Female,969 Del Mar Trail,8/2/2022
63,Roby,Buxcey,rbuxcey1q@mapquest.com,Female,04 Mockingbird Trail,9/25/2022
64,Hartwell,Spondley,hspondley1r@dion.ne.jp,Agender,58 Texas Hill,9/3/2022
65,Margaret,Schwandermann,mschwandermann1s@oracle.com,Female,36063 Pine View Avenue,4/16/2023
66,Fifi,Flacknell,fflacknell1t@microsoft.com,Female,16 Duke Crossing,8/24/2022
67,Alexandros,Dykes,adykes1u@jimdo.com,Male,011 Pleasure Point,9/13/2022
68,Bar,Crowder,bcrowder1v@hp.com,Non-binary,786 Steensland Avenue,8/29/2022
69,Giuseppe,Jouanny,gjouanny1w@smugmug.com,Male,8726 Namekagon Court,8/19/2022
70,Malina,Dashper,mdashper1x@hatena.ne.jp,Female,756 Alpine Junction,9/16/2022
71,Brigid,Barens,bbarens1y@bravesites.com,Female,7235 Logan Hill,3/6/2023
72,Dill,Redbourn,dredbourn1z@salon.com,Male,79 Mallory Terrace,11/19/2022
73,Birgit,Moles,bmoles20@reuters.com,Female,7 Twin Pines Court,1/2/2023
74,Akim,McClay,amcclay21@about.me,Male,3220 Blaine Trail,8/7/2022
75,Gwenette,Doles,gdoles22@vimeo.com,Female,39097 Elmside Court,3/22/2023
76,Terrence,Applegate,tapplegate23@diigo.com,Male,25813 5th Crossing,8/24/2022
77,Giralda,Clissell,gclissell24@xrea.com,Female,0 Village Point,11/1/2022
78,Isak,Snell,isnell25@posterous.com,Male,8 Dexter Junction,7/19/2022
79,Natty,Chesser,nchesser26@cafepress.com,Male,66 Welch Junction,12/30/2022
80,Haskel,Ivchenko,hivchenko27@stanford.edu,Male,3 Daystar Trail,8/28/2022
81,Robbyn,Dybald,rdybald28@skyrock.com,Female,95 Bartelt Plaza,10/31/2022
82,Homer,Dufore,hdufore29@icio.us,Male,01269 Everett Hill,10/11/2022
83,Ingmar,de Courcey,idecourcey2a@boston.com,Male,7 Dorton Crossing,10/31/2022
84,Sherye,Coalburn,scoalburn2b@eventbrite.com,Female,4 Gulseth Circle,3/12/2023
85,Donnie,Easthope,deasthope2c@usatoday.com,Male,347 Armistice Circle,1/29/2023
86,Derrick,Spilsburie,dspilsburie2d@liveinternet.ru,Male,8 Welch Drive,12/24/2022
87,Gerhard,Stradling,gstradling2e@webeden.co.uk,Male,1697 Myrtle Point,10/30/2022
88,Artur,Dalzell,adalzell2f@github.io,Male,30 Petterle Pass,7/3/2022
89,Tremain,Purnell,tpurnell2g@hibu.com,Male,835 Mockingbird Road,8/12/2022
90,Roger,Plaschke,rplaschke2h@cornell.edu,Male,8340 1st Plaza,2/3/2023
91,Lenard,Trevillion,ltrevillion2i@ameblo.jp,Male,377 Dapin Alley,7/5/2022
92,Mari,Watmough,mwatmough2j@bandcamp.com,Female,89199 Mallory Crossing,8/6/2022
93,Merl,Chivrall,mchivrall2k@myspace.com,Female,9 Bluestem Parkway,9/2/2022
94,Weber,Parken,wparken2l@hibu.com,Male,106 Summerview Plaza,1/24/2023
95,Teresita,Otter,totter2m@ask.com,Female,4184 Continental Circle,2/3/2023
96,Dev,Whayman,dwhayman2n@360.cn,Male,1 Alpine Pass,10/30/2022
97,Karoly,Tertre,ktertre2o@ycombinator.com,Agender,56571 Goodland Park,3/19/2023
98,Wye,Illingsworth,willingsworth2p@theglobeandmail.com,Male,18850 Ramsey Street,3/16/2023
99,Saloma,Dewes,sdewes2q@cargocollective.com,Female,8970 Old Shore Plaza,1/1/2023
100,Jeremiah,Klaesson,jklaesson2r@skype.com,Male,6 Sage Trail,7/8/2022
101,Devlen,Eastcourt,deastcourt2s@prweb.com,Male,07865 Killdeer Drive,6/9/2022
102,Delcina,Bedow,dbedow2t@stanford.edu,Female,25572 Garrison Center,6/7/2022
103,Golda,Fireman,gfireman2u@unesco.org,Female,34 Darwin Center,4/29/2023
104,Perry,Ratcliff,pratcliff2v@google.it,Male,9487 Starling Center,12/27/2022
105,Dedie,Baudins,dbaudins2w@tamu.edu,Female,93 Hintze Plaza,10/28/2022
106,Dulci,Lempenny,dlempenny2x@pagesperso-orange.fr,Female,52 Brickson Park Drive,12/2/2022
107,Rhys,Aucott,raucott2y@yelp.com,Male,1769 Muir Parkway,10/21/2022
108,Graham,Skilbeck,gskilbeck2z@usa.gov,Male,153 Boyd Lane,11/30/2022
109,Ava,Baswall,abaswall30@sogou.com,Female,454 Fairview Alley,4/14/2023
110,Terrijo,Jacox,tjacox31@booking.com,Female,6592 Eliot Parkway,4/3/2023
111,Pincus,Elford,pelford32@tinypic.com,Male,9 Maple Wood Terrace,4/3/2023
112,Mildrid,Butten,mbutten33@scientificamerican.com,Agender,7 Huxley Road,7/20/2022
113,Udall,Iacovolo,uiacovolo34@bravesites.com,Male,80121 Jay Lane,10/1/2022
114,Iorgos,Syme,isyme35@github.io,Male,6 Birchwood Terrace,10/8/2022
115,Gilburt,Osinin,gosinin36@nih.gov,Male,7 Bunker Hill Center,3/25/2023
116,Siffre,Bucklan,sbucklan37@sakura.ne.jp,Male,444 Golden Leaf Street,11/26/2022
117,Devondra,Bransden,dbransden38@tuttocitta.it,Female,10489 Eagan Center,4/9/2023
118,Stephenie,Barnfield,sbarnfield39@desdev.cn,Female,4511 Larry Place,9/14/2022
119,Nikola,Sapseed,nsapseed3a@kickstarter.com,Genderqueer,127 Spohn Junction,6/16/2022
120,Clarisse,Overlow,coverlow3b@fotki.com,Female,9 School Trail,10/27/2022
121,Rora,Storror,rstorror3c@comcast.net,Female,38 Pepper Wood Junction,11/6/2022
122,Rhodia,Stockbridge,rstockbridge3d@businessweek.com,Female,20 Victoria Road,1/12/2023
123,Arlinda,Gullivent,agullivent3e@printfriendly.com,Female,150 Green Park,8/2/2022
124,Kingston,Gorusso,kgorusso3f@stanford.edu,Male,306 Longview Avenue,7/21/2022
125,Nestor,Squire,nsquire3g@nba.com,Male,825 Pearson Plaza,4/5/2023
126,Priscella,Borland,pborland3h@reverbnation.com,Female,1959 Sachtjen Place,7/22/2022
127,Worthington,Monelli,wmonelli3i@hhs.gov,Male,6 Tony Place,1/7/2023
128,Tonya,McFee,tmcfee3j@un.org,Agender,7448 Park Meadow Alley,9/14/2022
129,Odey,Lowcock,olowcock3k@geocities.jp,Male,55270 Thompson Hill,4/25/2023
130,Ally,Stode,astode3l@time.com,Polygender,2 Montana Street,8/9/2022
131,Goober,Jodrelle,gjodrelle3m@shinystat.com,Male,684 Maple Wood Terrace,11/9/2022
132,Mayne,Slite,mslite3n@patch.com,Male,3166 Vahlen Alley,11/14/2022
133,Imogene,Johansen,ijohansen3o@google.co.uk,Female,67 Quincy Place,12/17/2022
134,Cleavland,Donkersley,cdonkersley3p@altervista.org,Male,8 Fairfield Trail,9/12/2022
135,Marcello,McKernan,mmckernan3q@dedecms.com,Male,0406 Novick Center,11/13/2022
136,Iain,Brute,ibrute3r@comcast.net,Male,658 Merchant Way,2/22/2023
137,Christine,Tomsett,ctomsett3s@g.co,Female,88966 Steensland Street,12/10/2022
138,Enrique,Acheson,eacheson3t@pbs.org,Male,4 Anhalt Park,8/16/2022
139,Ignazio,Bineham,ibineham3u@chicagotribune.com,Male,605 Welch Street,12/4/2022
140,Datha,Thorne,dthorne3v@bandcamp.com,Female,16359 Scoville Pass,11/23/2022
141,Danella,Binton,dbinton3w@github.io,Female,3259 Hansons Lane,8/6/2022
142,Danice,Chipman,dchipman3x@hao123.com,Non-binary,7908 Anzinger Hill,4/20/2023
143,Tan,Couttes,tcouttes3y@pcworld.com,Male,5491 Porter Center,12/4/2022
144,Gottfried,Gounin,ggounin3z@boston.com,Male,0 Warrior Place,5/12/2022
145,Carissa,Penberthy,cpenberthy40@chronoengine.com,Female,0969 Lakeland Center,1/27/2023
146,Nanine,Frankling,nfrankling41@fc2.com,Female,40097 Pawling Park,10/17/2022
147,Gothart,Skelbeck,gskelbeck42@mozilla.org,Bigender,10 5th Junction,10/30/2022
148,Alastair,Harris,aharris43@eepurl.com,Male,83742 Cottonwood Drive,7/19/2022
149,Jerrine,McMinn,jmcminn44@networksolutions.com,Female,218 Sutherland Trail,7/23/2022
150,Yankee,Bart,ybart45@instagram.com,Male,7671 Farragut Road,11/16/2022
151,Harlin,Prichard,hprichard46@exblog.jp,Polygender,5398 Canary Pass,3/24/2023
152,Natividad,Bushby,nbushby47@thetimes.co.uk,Female,1050 Melrose Place,12/24/2022
153,Shelley,Aylesbury,saylesbury48@bing.com,Male,53 Moland Lane,1/28/2023
154,Nydia,Byrch,nbyrch49@youtube.com,Female,718 Carberry Pass,2/15/2023
155,Odie,McKag,omckag4a@pinterest.com,Male,84 Golf Course Junction,9/16/2022
156,Oran,Ruthen,oruthen4b@cafepress.com,Polygender,8705 Acker Pass,2/7/2023
157,Blinnie,Rosensaft,brosensaft4c@usnews.com,Female,42 Hallows Terrace,12/1/2022
158,Skipper,Khomishin,skhomishin4d@tinypic.com,Male,92532 Randy Trail,2/10/2023
159,Gilberto,Arrault,garrault4e@nsw.gov.au,Male,40 Straubel Hill,6/12/2022
160,Roscoe,Kener,rkener4f@sohu.com,Male,67 Mayer Lane,6/24/2022
161,Madison,Kewley,mkewley4g@google.ru,Male,661 Sugar Place,7/28/2022
162,Meridel,Jaycock,mjaycock4h@disqus.com,Genderfluid,2830 Dennis Center,1/18/2023
163,Brad,De Zamudio,bdezamudio4i@youku.com,Male,71875 Dryden Lane,6/5/2022
164,Shirl,Matasov,smatasov4j@berkeley.edu,Female,5 Bellgrove Road,6/17/2022
165,Wandie,Pasby,wpasby4k@bloglovin.com,Female,9965 Arizona Alley,10/20/2022
166,Nelia,Goligly,ngoligly4l@cnbc.com,Female,74 Stephen Court,3/31/2023
167,Minnaminnie,Ganforth,mganforth4m@cmu.edu,Female,117 Manley Junction,8/3/2022
168,Berkie,McSwan,bmcswan4n@salon.com,Male,4040 Nancy Trail,6/2/2022
169,Venita,MacDonough,vmacdonough4o@php.net,Female,14 Iowa Circle,8/26/2022
170,Stanislaw,Isson,sisson4p@unblog.fr,Male,187 Village Green Avenue,11/7/2022
171,Ravid,Sharpus,rsharpus4q@jalbum.net,Male,56447 Havey Crossing,1/4/2023
172,Deborah,Donnersberg,ddonnersberg4r@businesswire.com,Genderfluid,19 Nancy Drive,12/6/2022
173,Stu,Seymark,sseymark4s@webs.com,Male,42530 Trailsway Center,9/10/2022
174,Roda,Darrell,rdarrell4t@wired.com,Female,4 Mesta Hill,4/24/2023
175,Glendon,Carvilla,gcarvilla4u@eventbrite.com,Male,28982 Tennessee Way,6/26/2022
176,Reinhold,Carty,rcarty4v@java.com,Male,7 Fieldstone Lane,12/19/2022
177,Jordan,Bischoff,jbischoff4w@aboutads.info,Male,8829 Southridge Junction,3/10/2023
178,Osborn,Dishmon,odishmon4x@tuttocitta.it,Male,20 Parkside Trail,3/10/2023
179,Filmore,Blasius,fblasius4y@biblegateway.com,Male,4096 Drewry Hill,10/13/2022
180,Pat,McKeating,pmckeating4z@dot.gov,Male,95230 Schmedeman Road,5/29/2022
181,Phillie,Van Eeden,pvaneeden50@drupal.org,Female,21785 Miller Parkway,9/23/2022
182,Sigfried,Prise,sprise51@etsy.com,Male,68 Vera Way,10/18/2022
183,Nikolas,Ellingham,nellingham52@barnesandnoble.com,Male,98159 Fallview Terrace,11/2/2022
184,Aguistin,Feltoe,afeltoe53@adobe.com,Male,22038 Monterey Drive,8/11/2022
185,Deane,Thom,dthom54@blog.com,Male,67026 Amoth Alley,10/16/2022
186,Aldous,Slad,aslad55@digg.com,Male,5304 Bluestem Hill,7/16/2022
187,Phaedra,Struttman,pstruttman56@ihg.com,Female,3040 Myrtle Parkway,10/9/2022
188,Waylon,Kondratovich,wkondratovich57@creativecommons.org,Male,34 8th Pass,6/15/2022
189,Rollin,Kitto,rkitto58@live.com,Agender,15658 Warrior Avenue,2/17/2023
190,Shawn,Paunton,spaunton59@theatlantic.com,Genderqueer,06276 2nd Circle,10/1/2022
191,Kirby,Van den Oord,kvandenoord5a@vk.com,Female,4 Golf Course Terrace,7/13/2022
192,Pepi,Schoenfisch,pschoenfisch5b@t-online.de,Bigender,16242 Cardinal Way,7/5/2022
193,Zora,Pepperrall,zpepperrall5c@wisc.edu,Female,600 Knutson Court,7/9/2022
194,Darcie,Demangeon,ddemangeon5d@prweb.com,Female,0698 Sachtjen Terrace,4/20/2023
195,Barbey,Lush,blush5e@moonfruit.com,Genderfluid,37253 Roxbury Hill,1/25/2023
196,Artemas,Fisby,afisby5f@mac.com,Male,7265 Gale Avenue,7/14/2022
197,Jacquette,Domenc,jdomenc5g@soup.io,Female,72195 Prentice Plaza,8/20/2022
198,Mal,Frosdick,mfrosdick5h@xing.com,Male,5 Prentice Crossing,4/6/2023
199,Andonis,Terrington,aterrington5i@paginegialle.it,Male,60234 Dayton Alley,12/4/2022
200,Annmarie,Willmont,awillmont5j@ucoz.com,Female,88196 Tony Street,5/25/2022
201,Terrence,Works,tworks5k@jugem.jp,Male,4450 Pond Hill,7/19/2022
202,Rubina,Sidsaff,rsidsaff5l@blinklist.com,Female,103 Blue Bill Park Pass,3/8/2023
203,Libbi,Gieves,lgieves5m@globo.com,Genderqueer,4463 Vidon Street,9/16/2022
204,Devon,Lambert,dlambert5n@umn.edu,Female,9 Eliot Drive,4/9/2023
205,Dorita,Tibalt,dtibalt5o@apple.com,Polygender,39526 Sullivan Pass,9/14/2022
206,Legra,Bielfeld,lbielfeld5p@msn.com,Female,615 Kipling Terrace,2/4/2023
207,Guglielma,FitzAlan,gfitzalan5q@bing.com,Female,4 Melvin Circle,7/20/2022
208,Mireille,Hughs,mhughs5r@bloomberg.com,Polygender,608 Trailsway Alley,8/1/2022
209,Mahalia,Masters,mmasters5s@zimbio.com,Female,29287 John Wall Parkway,9/12/2022
210,Sammy,Imort,simort5t@diigo.com,Male,1 Meadow Ridge Drive,9/20/2022
211,Sindee,Floodgate,sfloodgate5u@redcross.org,Female,87457 Bowman Court,4/21/2023
212,Nickey,Dwyr,ndwyr5v@t-online.de,Male,898 Spenser Plaza,9/6/2022
213,Emma,Olivier,eolivier5w@constantcontact.com,Female,45 Killdeer Circle,11/15/2022
214,Moe,Lantuffe,mlantuffe5x@springer.com,Male,722 Tony Junction,8/6/2022
215,Roderick,Wingfield,rwingfield5y@webnode.com,Male,42649 Macpherson Way,3/31/2023
216,Hedi,Hofton,hhofton5z@ow.ly,Female,46 Rutledge Way,6/2/2022
217,Ari,Zecchii,azecchii60@wunderground.com,Male,321 Summit Trail,8/25/2022
218,Caralie,Pyne,cpyne61@adobe.com,Female,27699 Grim Hill,11/30/2022
219,Johannah,Jovey,jjovey62@vistaprint.com,Female,602 Dunning Center,11/6/2022
220,Raddie,Stoven,rstoven63@yandex.ru,Male,9 Kings Parkway,3/4/2023
221,Leslie,Standish-Brooks,lstandishbrooks64@craigslist.org,Male,3 American Parkway,10/2/2022
222,Joe,Easterby,jeasterby65@sphinn.com,Genderqueer,38 Bowman Way,5/9/2023
223,Ansell,Labon,alabon66@rakuten.co.jp,Male,27707 Ruskin Point,7/31/2022
224,Ingunna,Sipson,isipson67@alibaba.com,Female,0 Troy Lane,1/25/2023
225,Martelle,Benitti,mbenitti68@livejournal.com,Female,6181 Hoepker Park,8/10/2022
226,Fair,Craney,fcraney69@reuters.com,Male,59 Eastwood Place,7/7/2022
227,Pail,Gillham,pgillham6a@indiegogo.com,Male,50 7th Hill,6/17/2022
228,Janie,Chalker,jchalker6b@wikia.com,Female,8442 Sugar Avenue,1/25/2023
229,Euell,Walters,ewalters6c@discovery.com,Male,09 La Follette Circle,9/24/2022
230,Vi,Boorne,vboorne6d@nydailynews.com,Polygender,052 Springs Hill,3/18/2023
231,Bendix,Gianelli,bgianelli6e@360.cn,Male,5 Lake View Terrace,5/12/2022
232,Ingrid,Lodewick,ilodewick6f@imgur.com,Female,60798 Dapin Alley,3/25/2023
233,Louella,Regelous,lregelous6g@dion.ne.jp,Female,7 Summerview Lane,3/3/2023
234,Warner,Waldrum,wwaldrum6h@dagondesign.com,Male,8 Annamark Parkway,9/7/2022
235,Alice,Brislen,abrislen6i@example.com,Female,35197 Stoughton Center,4/28/2023
236,Camila,Blazek,cblazek6j@wikimedia.org,Female,64005 Badeau Trail,12/25/2022
237,Jessee,Pittem,jpittem6k@vistaprint.com,Male,461 La Follette Lane,7/9/2022
238,Shaughn,Leuren,sleuren6l@nasa.gov,Male,70 Eagle Crest Crossing,2/11/2023
239,Larine,Ottery,lottery6m@miibeian.gov.cn,Polygender,11914 Holy Cross Alley,5/5/2023
240,Correy,Winckworth,cwinckworth6n@slate.com,Female,28106 Twin Pines Court,1/25/2023
241,Ulysses,Hanfrey,uhanfrey6o@mozilla.com,Genderfluid,15789 Muir Hill,6/4/2022
242,Noam,Pinsent,npinsent6p@1und1.de,Male,58751 Holmberg Park,6/20/2022
243,Brandyn,Baudinelli,bbaudinelli6q@ameblo.jp,Male,061 Iowa Park,8/5/2022
244,Rockwell,Hubach,rhubach6r@rediff.com,Male,69103 Lyons Circle,7/18/2022
245,Emlynne,Foukx,efoukx6s@stanford.edu,Female,21 Hanover Terrace,5/17/2022
246,Falito,Zottoli,fzottoli6t@foxnews.com,Male,54681 Hagan Street,9/27/2022
247,Andriette,Lowerson,alowerson6u@xing.com,Female,62565 Waubesa Parkway,12/27/2022
248,Josepha,Mars,jmars6v@google.com,Female,29715 Coolidge Way,6/3/2022
249,Sullivan,Pinkerton,spinkerton6w@ft.com,Male,989 Carioca Point,5/26/2022
250,Holli,Jolliman,hjolliman6x@mozilla.com,Female,8 Talmadge Plaza,11/16/2022
251,Alvan,Horrod,ahorrod6y@addtoany.com,Male,751 Columbus Alley,5/6/2023
252,Lindsay,Costell,lcostell6z@soup.io,Female,73924 Park Meadow Way,2/20/2023
253,Lonnard,Frawley,lfrawley70@github.com,Male,59 Waubesa Street,10/4/2022
254,Clim,Coghill,ccoghill71@de.vu,Male,4 Spenser Pass,10/4/2022
255,Erwin,Gleader,egleader72@wiley.com,Male,284 Blue Bill Park Court,1/19/2023
256,Lesya,Baulch,lbaulch73@behance.net,Female,2541 Miller Parkway,10/3/2022
257,Alex,Noen,anoen74@soup.io,Male,58745 High Crossing Parkway,10/24/2022
258,Brnaby,Fleetham,bfleetham75@list-manage.com,Agender,90 Kedzie Plaza,5/28/2022
259,Sib,Giotto,sgiotto76@webeden.co.uk,Female,1758 Hoard Alley,6/16/2022
260,Matty,Piddock,mpiddock77@senate.gov,Female,0341 Independence Pass,4/13/2023
261,Everard,Juanes,ejuanes78@joomla.org,Male,04776 Service Road,11/4/2022
262,Hobie,Pentecost,hpentecost79@dyndns.org,Male,5 Manufacturers Court,6/17/2022
263,Birk,McCooke,bmccooke7a@prlog.org,Male,6987 Crescent Oaks Lane,5/29/2022
264,Ludovico,Whitrod,lwhitrod7b@kickstarter.com,Male,77 Pond Way,11/2/2022
265,Inger,Finan,ifinan7c@apache.org,Male,8035 Veith Plaza,12/30/2022
266,Conrado,Gillson,cgillson7d@vkontakte.ru,Bigender,06850 Boyd Circle,7/5/2022
267,Wilden,Heningam,wheningam7e@parallels.com,Male,99689 Armistice Point,2/15/2023
268,Venus,Apted,vapted7f@vinaora.com,Female,38958 Loomis Center,5/11/2022
269,Courtney,Langton,clangton7g@amazon.co.uk,Female,7 Becker Circle,7/20/2022
270,Patrizius,Weblin,pweblin7h@squarespace.com,Male,140 Lakewood Gardens Pass,1/6/2023
271,Vallie,Bows,vbows7i@admin.ch,Female,97 Michigan Street,10/1/2022
272,Hermia,Cruxton,hcruxton7j@utexas.edu,Female,4998 Lien Point,4/7/2023
273,Earle,Cholerton,echolerton7k@youtube.com,Male,32 Kim Way,6/19/2022
274,Cordie,Eatttok,ceatttok7l@arstechnica.com,Male,975 Kipling Place,6/4/2022
275,Klara,Cowperthwaite,kcowperthwaite7m@topsy.com,Female,4 Mallard Trail,3/5/2023
276,Meaghan,Smithers,msmithers7n@unblog.fr,Female,74 Del Sol Crossing,7/19/2022
277,Gwendolyn,Chauvey,gchauvey7o@cnn.com,Female,56699 Transport Center,8/9/2022
278,Guinna,Margaritelli,gmargaritelli7p@squarespace.com,Female,1324 Goodland Lane,7/6/2022
279,Mei,Armit,marmit7q@jugem.jp,Female,14444 Hoepker Pass,12/29/2022
280,Karlan,Perez,kperez7r@mac.com,Male,58 Summer Ridge Pass,3/29/2023
281,Alberta,Brame,abrame7s@sphinn.com,Bigender,5914 Moulton Way,10/21/2022
282,Elizabet,Gilmour,egilmour7t@google.fr,Female,8 Montana Hill,7/11/2022
283,Humbert,Van der Mark,hvandermark7u@cam.ac.uk,Male,25 Kipling Circle,9/7/2022
284,Sibylla,Vasyukhin,svasyukhin7v@techcrunch.com,Female,8851 Iowa Parkway,5/1/2023
285,Amerigo,O'Dennehy,aodennehy7w@alibaba.com,Male,0 Lerdahl Lane,6/18/2022
286,Klarika,Larratt,klarratt7x@guardian.co.uk,Female,1 Prentice Hill,4/16/2023
287,Thia,Genicke,tgenicke7y@surveymonkey.com,Genderqueer,57 Orin Way,2/5/2023
288,Cherise,Helix,chelix7z@constantcontact.com,Female,04654 Del Sol Trail,9/3/2022
289,Ewan,Rantoul,erantoul80@ox.ac.uk,Male,5846 Talisman Alley,3/8/2023
290,Clint,Bushel,cbushel81@psu.edu,Male,2 Gerald Lane,11/18/2022
291,Joelynn,Klimschak,jklimschak82@google.com,Genderfluid,93 Sage Park,4/25/2023
292,Garvin,Leaburn,gleaburn83@sun.com,Male,9255 Toban Parkway,11/5/2022
293,Michail,Lynn,mlynn84@flickr.com,Genderfluid,9962 Oxford Park,3/21/2023
294,Robinson,Veschambes,rveschambes85@nydailynews.com,Male,8 Eliot Road,11/3/2022
295,Jule,Tomkiss,jtomkiss86@nature.com,Male,68 Havey Circle,1/30/2023
296,Ruttger,Pogue,rpogue87@java.com,Male,5 Cottonwood Plaza,10/1/2022
297,Alano,Malloch,amalloch88@google.co.uk,Male,4223 Kropf Court,8/1/2022
298,Tadd,Duberry,tduberry89@vistaprint.com,Male,552 Anderson Circle,8/11/2022
299,Carmencita,Bensusan,cbensusan8a@washington.edu,Female,0493 1st Crossing,6/15/2022
300,Sioux,McBain,smcbain8b@redcross.org,Female,7 Sachtjen Pass,7/11/2022
301,Brooks,Jaray,bjaray8c@storify.com,Male,896 Roxbury Street,3/5/2023
302,Dierdre,Tithecott,dtithecott8d@uol.com.br,Female,6 Morning Park,1/22/2023
303,Grier,Teideman,gteideman8e@squarespace.com,Female,004 Dawn Park,6/28/2022
304,Tiffani,Champkin,tchampkin8f@nyu.edu,Female,9728 Superior Pass,8/25/2022
305,Jacinta,Fessby,jfessby8g@themeforest.net,Female,967 Raven Park,8/11/2022
306,Marigold,Taborre,mtaborre8h@cdbaby.com,Female,013 Lighthouse Bay Pass,5/10/2023
307,Ursa,Burgoin,uburgoin8i@google.es,Polygender,3994 Bluejay Parkway,3/2/2023
308,Ervin,Farahar,efarahar8j@baidu.com,Male,79247 David Point,3/4/2023
309,Richart,Grahlmans,rgrahlmans8k@google.es,Male,5387 Redwing Street,6/29/2022
310,Alicia,McIndrew,amcindrew8l@state.tx.us,Female,581 Sunnyside Junction,2/4/2023
311,Alec,Blinde,ablinde8m@360.cn,Male,3816 Schmedeman Street,3/1/2023
312,Octavia,Timmes,otimmes8n@eventbrite.com,Female,8830 Chinook Court,5/10/2023
313,Jerrilee,Swinnerton,jswinnerton8o@msn.com,Female,108 Farwell Street,4/23/2023
314,Filberto,Domaschke,fdomaschke8p@columbia.edu,Male,3707 Marcy Lane,4/14/2023
315,Allyn,Dixson,adixson8q@wordpress.org,Genderqueer,5 Chive Pass,4/19/2023
316,Rayshell,Bruty,rbruty8r@blogger.com,Female,4459 Butterfield Lane,8/3/2022
317,Eloise,Hofler,ehofler8s@ucoz.com,Non-binary,335 Old Shore Alley,10/25/2022
318,Sig,Libby,slibby8t@go.com,Male,380 Delaware Point,10/16/2022
319,Barbara-anne,McPeake,bmcpeake8u@posterous.com,Female,15 Cherokee Point,2/25/2023
320,Terrijo,Hollyar,thollyar8v@whitehouse.gov,Female,023 Sundown Pass,8/3/2022
321,Saree,Maddie,smaddie8w@marriott.com,Female,269 Florence Avenue,8/5/2022
322,Gay,Helix,ghelix8x@vistaprint.com,Polygender,099 Charing Cross Way,10/25/2022
323,Merrile,Huckle,mhuckle8y@google.ca,Female,1 Norway Maple Hill,3/3/2023
324,Agnella,Slidders,aslidders8z@etsy.com,Female,62 Randy Drive,1/6/2023
325,Gustav,Twining,gtwining90@cam.ac.uk,Male,55873 Pierstorff Hill,12/27/2022
326,Maxine,Yurkiewicz,myurkiewicz91@yolasite.com,Female,051 Lakewood Gardens Pass,3/1/2023
327,Vivienne,Clabburn,vclabburn92@engadget.com,Genderfluid,98116 Dryden Hill,5/22/2022
328,Harrie,Ewart,hewart93@mapquest.com,Female,61 Havey Place,4/11/2023
329,Merrick,Posen,mposen94@mtv.com,Male,7472 Elmside Circle,1/20/2023
330,Farley,Lanktree,flanktree95@alibaba.com,Male,931 Fairview Hill,11/18/2022
331,Isacco,Cansdell,icansdell96@gov.uk,Bigender,50 Truax Crossing,3/16/2023
332,Annabel,Ilett,ailett97@theguardian.com,Female,597 Lyons Court,1/18/2023
333,Rodi,Fells,rfells98@is.gd,Female,90 Scoville Street,8/11/2022
334,Joe,Pegrum,jpegrum99@aboutads.info,Male,4 Bunting Road,4/19/2023
335,Delora,Treske,dtreske9a@apple.com,Female,29 Pearson Park,6/17/2022
336,Natty,Merrikin,nmerrikin9b@unicef.org,Female,19 Lakewood Gardens Plaza,7/26/2022
337,Maxi,Cordle,mcordle9c@biglobe.ne.jp,Female,25 Saint Paul Junction,3/5/2023
338,Vivianne,Dovermann,vdovermann9d@devhub.com,Female,2 Burning Wood Trail,2/1/2023
339,Mahmud,Threadkell,mthreadkell9e@cpanel.net,Male,9146 Blue Bill Park Hill,8/17/2022
340,Consolata,Axton,caxton9f@slate.com,Female,8 Holy Cross Park,6/20/2022
341,Starr,Sinkings,ssinkings9g@thetimes.co.uk,Genderqueer,7 Clemons Center,2/21/2023
342,Rosetta,McGrouther,rmcgrouther9h@furl.net,Genderfluid,039 Acker Street,5/10/2023
343,Shem,Uzzell,suzzell9i@t-online.de,Genderqueer,6448 Alpine Junction,10/17/2022
344,Tyson,Collett,tcollett9j@slate.com,Male,2244 Logan Plaza,8/17/2022
345,Cora,Bowler,cbowler9k@msn.com,Female,0 Karstens Center,9/17/2022
346,Lennard,Witherspoon,lwitherspoon9l@ibm.com,Genderfluid,64981 Anniversary Hill,3/27/2023
347,Harriette,De Santos,hdesantos9m@google.it,Female,8 Esker Circle,11/17/2022
348,Derrik,Corryer,dcorryer9n@pagesperso-orange.fr,Male,33 Melby Road,10/26/2022
349,Merrili,McArdell,mmcardell9o@nsw.gov.au,Genderqueer,75 Barby Road,1/19/2023
350,Salmon,Gagin,sgagin9p@independent.co.uk,Male,5618 Dakota Center,3/29/2023
351,Dorette,McCorrie,dmccorrie9q@friendfeed.com,Female,9282 Harbort Point,12/15/2022
352,Gardener,Swinn,gswinn9r@ca.gov,Male,89 8th Court,7/12/2022
353,Amery,Felderer,afelderer9s@livejournal.com,Genderqueer,5486 Menomonie Court,1/12/2023
354,Morganica,Boadby,mboadby9t@sfgate.com,Female,234 Grasskamp Street,12/16/2022
355,Ruthi,Neilson,rneilson9u@auda.org.au,Female,29 John Wall Terrace,2/24/2023
356,Conway,Ulyat,culyat9v@ebay.com,Male,1 Pepper Wood Road,10/10/2022
357,Menard,Noyce,mnoyce9w@admin.ch,Male,07863 Sommers Plaza,9/7/2022
358,Neill,Duffit,nduffit9x@census.gov,Male,1 West Crossing,10/7/2022
359,Martie,Mosby,mmosby9y@eepurl.com,Male,8330 Union Parkway,9/25/2022
360,Saleem,Benois,sbenois9z@phoca.cz,Male,64 Morning Court,7/10/2022
361,Curr,Kenlin,ckenlina0@omniture.com,Non-binary,55 Riverside Plaza,10/15/2022
362,Elka,Coppo,ecoppoa1@google.com.au,Female,97 Laurel Drive,11/12/2022
363,Luci,Boys,lboysa2@dailymotion.com,Female,737 Arrowood Circle,10/20/2022
364,Montague,Radnage,mradnagea3@uol.com.br,Male,7490 Scofield Junction,8/3/2022
365,Toddie,Durrant,tdurranta4@irs.gov,Male,505 Bunting Center,8/7/2022
366,Phillis,Blampey,pblampeya5@state.tx.us,Female,98626 Loomis Alley,7/10/2022
367,Paola,Stracey,pstraceya6@goo.gl,Female,8 Manitowish Parkway,1/5/2023
368,Lurleen,Arbon,larbona7@blog.com,Female,69057 Badeau Parkway,7/6/2022
369,Mallissa,Gresswood,mgresswooda8@home.pl,Female,35029 Kingsford Center,9/25/2022
370,Kin,Delafoy,kdelafoya9@diigo.com,Agender,6025 Service Avenue,5/13/2022
371,Flss,Karleman,fkarlemanaa@1und1.de,Female,46676 Linden Point,1/10/2023
372,Ulberto,Shmyr,ushmyrab@google.co.jp,Male,58760 Johnson Park,3/22/2023
373,Morten,Reggio,mreggioac@de.vu,Male,1977 1st Lane,12/18/2022
374,Shanda,McCalum,smccalumad@washingtonpost.com,Female,2 Springview Plaza,6/4/2022
375,Freddy,Ringer,fringerae@pcworld.com,Male,658 Scofield Junction,8/11/2022
376,Harry,Decroix,hdecroixaf@slashdot.org,Male,07 Miller Avenue,12/28/2022
377,Cody,Borzoni,cborzoniag@phpbb.com,Male,7186 Waywood Center,9/9/2022
378,Shay,Keyme,skeymeah@dropbox.com,Male,1953 Doe Crossing Trail,11/29/2022
379,Jillie,Semper,jsemperai@free.fr,Female,67983 Dottie Road,5/19/2022
380,Alvina,Kettlesting,akettlestingaj@yahoo.co.jp,Female,606 Cascade Trail,5/14/2022
381,Babita,Barrott,bbarrottak@addthis.com,Polygender,72 Prairie Rose Way,3/6/2023
382,Gawain,Backman,gbackmanal@wix.com,Male,57448 Merchant Junction,11/13/2022
383,Peterus,Haibel,phaibelam@epa.gov,Male,21 Spaight Court,6/3/2022
384,Chelsae,MacLise,cmaclisean@hugedomains.com,Female,4378 Sunfield Court,4/12/2023
385,Giovanna,Goldup,ggoldupao@aboutads.info,Female,318 Nova Road,9/17/2022
386,Rustin,Snoddin,rsnoddinap@arizona.edu,Male,76001 Sutteridge Hill,6/24/2022
387,Gasper,Norfolk,gnorfolkaq@java.com,Male,140 Paget Lane,4/29/2023
388,Herbert,Malden,hmaldenar@scribd.com,Non-binary,372 Haas Crossing,9/25/2022
389,Yolanda,Paolini,ypaolinias@prnewswire.com,Female,9797 American Ash Street,10/26/2022
390,Hyacintha,Laguerre,hlaguerreat@hubpages.com,Female,6 Charing Cross Court,6/1/2022
391,Vanni,Dinneges,vdinnegesau@imageshack.us,Female,3666 2nd Street,9/15/2022
392,Zebedee,Revington,zrevingtonav@cnn.com,Male,9 Cherokee Parkway,2/10/2023
393,Filia,Gilchriest,fgilchriestaw@cnet.com,Female,81573 Dennis Alley,3/10/2023
394,Anna-diane,Geerling,ageerlingax@parallels.com,Female,2068 Schiller Terrace,8/21/2022
395,Fayth,Vinau,fvinauay@smh.com.au,Female,56828 Alpine Parkway,8/19/2022
396,Gina,Pudge,gpudgeaz@economist.com,Female,02103 Stoughton Crossing,10/7/2022
397,Amelita,Gwillyam,agwillyamb0@simplemachines.org,Female,59 Dryden Alley,4/11/2023
398,Padraig,Fealty,pfealtyb1@globo.com,Agender,1522 Messerschmidt Avenue,8/5/2022
399,Amara,Faloon,afaloonb2@goo.gl,Non-binary,0 Shelley Trail,1/27/2023
400,Mildred,Kenrick,mkenrickb3@issuu.com,Polygender,213 Springs Center,1/28/2023
401,Corella,Rippingall,crippingallb4@upenn.edu,Female,25 Steensland Pass,11/13/2022
402,Jamie,Nibley,jnibleyb5@deviantart.com,Male,25 Lerdahl Plaza,12/26/2022
403,Beverly,O'Carrol,bocarrolb6@canalblog.com,Female,9 Jenna Crossing,1/9/2023
404,Jacky,Cordrey,jcordreyb7@nasa.gov,Male,598 Vidon Alley,9/28/2022
405,Lora,Janodet,ljanodetb8@devhub.com,Female,294 Dwight Street,11/5/2022
406,Karrah,Beddall,kbeddallb9@squidoo.com,Female,6596 Nancy Park,3/31/2023
407,Doria,Grisewood,dgrisewoodba@google.de,Female,1548 Delladonna Parkway,4/28/2023
408,Aggie,McGowing,amcgowingbb@seesaa.net,Polygender,88 Daystar Street,6/13/2022
409,Leonard,Alkin,lalkinbc@cam.ac.uk,Male,12185 Banding Park,10/5/2022
410,Ronnie,Grigsby,rgrigsbybd@woothemes.com,Female,53155 Summer Ridge Pass,11/20/2022
411,Angelia,Gude,agudebe@domainmarket.com,Female,9104 Village Green Center,8/27/2022
412,Kirbie,Pattini,kpattinibf@w3.org,Female,5 Sullivan Junction,11/19/2022
413,Nikolos,Bellee,nbelleebg@drupal.org,Male,57017 Portage Parkway,11/12/2022
414,Shurlock,Tomadoni,stomadonibh@pagesperso-orange.fr,Male,97 Helena Terrace,12/7/2022
415,Marietta,Gilligan,mgilliganbi@gnu.org,Male,16 Prairieview Alley,3/30/2023
416,Zuzana,Mulmuray,zmulmuraybj@wunderground.com,Female,3 Stang Alley,4/14/2023
417,Dora,Nenci,dnencibk@opensource.org,Female,003 Lillian Point,1/5/2023
418,Eldridge,Fleeman,efleemanbl@fda.gov,Male,2025 Spenser Park,7/17/2022
419,Tymothy,Dunton,tduntonbm@multiply.com,Male,0 Orin Lane,10/8/2022
420,Adrian,Oen,aoenbn@nhs.uk,Male,811 Parkside Court,8/13/2022
421,Brenden,Drewitt,bdrewittbo@hatena.ne.jp,Male,3353 Harper Lane,5/17/2022
422,Taddeo,Arons,taronsbp@bbb.org,Male,2 Arrowood Trail,12/21/2022
423,Kalila,Mullan,kmullanbq@istockphoto.com,Female,3 Myrtle Terrace,7/17/2022
424,Rab,Aubury,rauburybr@cdc.gov,Male,1292 Judy Hill,8/10/2022
425,Emmett,Whitelaw,ewhitelawbs@washington.edu,Male,941 Heffernan Junction,11/6/2022
426,Francene,Bursnoll,fbursnollbt@trellian.com,Female,3639 Fallview Pass,2/2/2023
427,Jeno,Boocock,jboocockbu@linkedin.com,Male,9632 Lakewood Gardens Center,7/3/2022
428,Konstance,Kleinhandler,kkleinhandlerbv@usnews.com,Female,532 Cherokee Way,2/26/2023
429,Fayina,Mottershaw,fmottershawbw@tripod.com,Genderfluid,924 Northridge Hill,9/3/2022
430,Any,Marrington,amarringtonbx@taobao.com,Male,8825 Shelley Plaza,2/22/2023
431,Jewelle,Klimontovich,jklimontovichby@msn.com,Female,5 Orin Street,3/17/2023
432,Richmond,Worsnip,rworsnipbz@weebly.com,Male,3 John Wall Street,5/19/2022
433,Skylar,Fagge,sfaggec0@nsw.gov.au,Male,75 Meadow Ridge Trail,10/12/2022
434,Palmer,Rivard,privardc1@google.com.br,Male,383 Comanche Pass,2/2/2023
435,Welsh,Baldree,wbaldreec2@cdc.gov,Male,35 Express Avenue,3/14/2023
436,Marlin,Aspray,masprayc3@xing.com,Male,00 7th Hill,12/31/2022
437,Conn,Faiers,cfaiersc4@time.com,Male,53 Jay Lane,11/1/2022
438,Jennette,Grinsdale,jgrinsdalec5@toplist.cz,Female,4 Brentwood Street,4/23/2023
439,Sherwin,Erbe,serbec6@usnews.com,Bigender,96 Pankratz Way,12/30/2022
440,Taddeo,Polini,tpolinic7@globo.com,Male,6 Morningstar Lane,11/19/2022
441,Klarika,Tolle,ktollec8@bloglines.com,Female,9 Loomis Way,10/19/2022
442,Hobart,Meake,hmeakec9@jiathis.com,Male,08 Harper Terrace,12/15/2022
443,Rudd,Lismer,rlismerca@sogou.com,Male,51957 Welch Plaza,5/6/2023
444,Kary,Redhouse,kredhousecb@arstechnica.com,Female,0 Ridgeview Hill,4/16/2023
445,Lelia,Brian,lbriancc@reddit.com,Genderfluid,8800 Del Sol Place,9/21/2022
446,Hinda,Stormouth,hstormouthcd@ed.gov,Female,36169 Hauk Avenue,10/22/2022
447,Linoel,Farthing,lfarthingce@parallels.com,Male,05278 Marquette Hill,10/22/2022
448,Rheba,Tritton,rtrittoncf@godaddy.com,Female,0942 Melby Way,8/25/2022
449,Malcolm,Harbin,mharbincg@kickstarter.com,Male,0 Hayes Place,8/15/2022
450,Virgie,Scamal,vscamalch@harvard.edu,Female,17745 Ohio Center,2/4/2023
451,Opaline,Jeandel,ojeandelci@answers.com,Female,38448 Morningstar Center,1/11/2023
452,Midge,Kalf,mkalfcj@diigo.com,Female,46332 Coleman Court,11/27/2022
453,Wilfrid,Ballendine,wballendineck@tripadvisor.com,Male,8 Grim Trail,10/29/2022
454,Reinwald,Brazear,rbrazearcl@dion.ne.jp,Male,9 Jackson Court,1/26/2023
455,Mason,Leeves,mleevescm@123-reg.co.uk,Male,35 Green Avenue,3/17/2023
456,Russell,Pougher,rpoughercn@google.cn,Male,74 Clyde Gallagher Avenue,2/24/2023
457,Karina,Cud,kcudco@t-online.de,Female,7116 Hallows Road,5/8/2023
458,Salmon,Breakspear,sbreakspearcp@1und1.de,Male,8687 Jenifer Circle,1/5/2023
459,Winny,Wahner,wwahnercq@disqus.com,Male,7115 Macpherson Circle,10/13/2022
460,Lucita,Rolin,lrolincr@usgs.gov,Female,014 Chinook Circle,6/13/2022
461,Onida,Pidduck,opidduckcs@pbs.org,Female,2 Dahle Court,12/28/2022
462,Estella,Lease,eleasect@so-net.ne.jp,Female,43767 4th Alley,3/16/2023
463,Tim,Sach,tsachcu@alibaba.com,Male,84 Hintze Hill,7/22/2022
464,Anabal,Schwandt,aschwandtcv@creativecommons.org,Female,293 Dayton Point,1/10/2023
465,Calhoun,Bruton,cbrutoncw@npr.org,Male,4817 Gale Street,6/20/2022
466,Dorthy,Pinnell,dpinnellcx@vistaprint.com,Female,1 Monument Court,3/30/2023
467,Austin,Glowach,aglowachcy@chicagotribune.com,Non-binary,1950 Forest Run Pass,8/22/2022
468,Lilith,Coan,lcoancz@t.co,Female,31 Almo Hill,10/22/2022
469,Ximenes,Rispin,xrispind0@addthis.com,Polygender,9 Blackbird Court,10/14/2022
470,Hubert,Yurukhin,hyurukhind1@ebay.com,Male,6 Del Sol Center,3/23/2023
471,Curcio,Aggs,caggsd2@timesonline.co.uk,Male,9377 Oriole Parkway,8/15/2022
472,Megan,Hoxey,mhoxeyd3@geocities.jp,Female,7 Larry Plaza,12/31/2022
473,Melba,Locarno,mlocarnod4@intel.com,Female,06 Continental Parkway,5/27/2022
474,Jay,McEttigen,jmcettigend5@indiatimes.com,Male,63 Marcy Alley,5/22/2022
475,Burch,Keirl,bkeirld6@techcrunch.com,Male,513 Monica Terrace,9/15/2022
476,Doyle,Morrilly,dmorrillyd7@yelp.com,Male,2 Rowland Center,6/20/2022
477,Marena,Youhill,myouhilld8@va.gov,Female,38 Upham Plaza,3/23/2023
478,Lincoln,Fulmen,lfulmend9@sphinn.com,Male,8 Steensland Pass,11/3/2022
479,Aeriell,Heddy,aheddyda@smh.com.au,Female,1 Westport Trail,11/16/2022
480,Sianna,Gittis,sgittisdb@miibeian.gov.cn,Female,11974 Quincy Pass,6/4/2022
481,Fayth,Georgeson,fgeorgesondc@businessweek.com,Female,0 Dayton Park,12/6/2022
482,Ward,Pluck,wpluckdd@g.co,Male,59417 Fieldstone Road,11/16/2022
483,Kerrin,Ebbers,kebbersde@linkedin.com,Female,2762 Surrey Hill,8/9/2022
484,Hilde,Pioch,hpiochdf@statcounter.com,Female,5 Caliangt Way,8/13/2022
485,Galven,Gerrets,ggerretsdg@gnu.org,Male,4286 Iowa Alley,2/1/2023
486,Cass,Grills,cgrillsdh@ustream.tv,Female,25238 Annamark Junction,3/15/2023
487,Fred,Skillanders,fskillandersdi@topsy.com,Male,84969 Golden Leaf Park,2/16/2023
488,Chelsea,Haskur,chaskurdj@sciencedaily.com,Female,3 Roth Terrace,4/28/2023
489,Fawne,Omand,fomanddk@ehow.com,Bigender,521 Upham Trail,7/8/2022
490,Daren,Dreger,ddregerdl@fema.gov,Male,758 Hoepker Hill,5/14/2022
491,William,Duffin,wduffindm@bbc.co.uk,Male,62575 Knutson Hill,5/29/2022
492,Jesse,Teresa,jteresadn@moonfruit.com,Female,3194 Anthes Trail,2/3/2023
493,Loren,Chenery,lchenerydo@businessweek.com,Female,9 Village Green Parkway,2/23/2023
494,Nelia,Scading,nscadingdp@taobao.com,Female,3 Lyons Point,6/7/2022
495,Richie,Fetherston,rfetherstondq@craigslist.org,Male,803 Riverside Trail,4/20/2023
496,Nikita,Kaspar,nkaspardr@ucoz.com,Male,8 Lake View Point,2/28/2023
497,Binky,Marrow,bmarrowds@mozilla.org,Male,5 Stoughton Pass,9/24/2022
498,Clerkclaude,Edgeworth,cedgeworthdt@mysql.com,Male,11 Troy Way,8/3/2022
499,Vail,Cusick,vcusickdu@symantec.com,Male,6764 Ryan Road,12/13/2022
500,Corny,Gowrich,cgowrichdv@alibaba.com,Female,190 Clemons Point,11/2/2022
501,Edgar,Saunton,esauntondw@is.gd,Male,63 Lindbergh Hill,5/7/2023
502,Martino,Wilgar,mwilgardx@usda.gov,Male,8367 Express Court,12/18/2022
503,Crista,Shurmore,cshurmoredy@paginegialle.it,Female,0 Mariners Cove Terrace,2/1/2023
504,Philip,Pierton,ppiertondz@trellian.com,Non-binary,9988 Express Circle,10/15/2022
505,Quinn,Tyreman,qtyremane0@java.com,Male,11 Jackson Parkway,6/14/2022
506,Raimondo,Gavaghan,rgavaghane1@dyndns.org,Male,383 Melvin Center,1/21/2023
507,Barbaraanne,Kinner,bkinnere2@eventbrite.com,Genderqueer,0 Moose Trail,10/6/2022
508,Ana,Siddons,asiddonse3@live.com,Non-binary,01692 International Crossing,11/16/2022
509,Melisa,Sone,msonee4@accuweather.com,Female,1771 Vermont Court,10/14/2022
510,Brook,Bello,bbelloe5@newyorker.com,Male,6 Gerald Drive,8/2/2022
511,Elvin,Jerrold,ejerrolde6@google.cn,Male,21296 Burrows Point,7/2/2022
512,Rancell,Waison,rwaisone7@ameblo.jp,Male,25041 Pankratz Circle,7/15/2022
513,Jerri,Warbrick,jwarbricke8@smugmug.com,Male,56305 Grover Park,9/19/2022
514,Quinlan,Ballintyne,qballintynee9@pcworld.com,Male,196 Ludington Alley,3/6/2023
515,Guenevere,Hall,ghallea@intel.com,Female,4 American Avenue,1/11/2023
516,Devlen,Gasperi,dgasperieb@dell.com,Male,456 Bashford Trail,12/27/2022
517,Bryanty,Greenroa,bgreenroaec@gizmodo.com,Male,8 Mayfield Pass,6/4/2022
518,Carolina,Culcheth,cculchethed@t-online.de,Female,5293 Tomscot Alley,3/29/2023
519,Sonni,Stigger,sstiggeree@friendfeed.com,Female,869 Acker Court,9/13/2022
520,Leticia,Brims,lbrimsef@opensource.org,Female,6 Dawn Center,4/22/2023
521,Alvira,Radloff,aradloffeg@dmoz.org,Genderfluid,1 Victoria Avenue,11/16/2022
522,Kippie,Nixon,knixoneh@ebay.co.uk,Male,3 Gateway Avenue,9/17/2022
523,Wrennie,Antyukhin,wantyukhinei@nifty.com,Female,1 Sherman Crossing,1/26/2023
524,Matti,Ballay,mballayej@51.la,Female,91 Forster Way,3/2/2023
525,Zia,Preshaw,zpreshawek@forbes.com,Female,9706 Raven Way,12/24/2022
526,Alissa,Crosoer,acrosoerel@netscape.com,Female,21 North Crossing,9/19/2022
527,Claude,MacNaughton,cmacnaughtonem@google.ru,Female,79 Melody Park,3/26/2023
528,Connor,Doniso,cdonisoen@aboutads.info,Non-binary,84374 Hermina Way,9/26/2022
529,Tara,Menichino,tmenichinoeo@shinystat.com,Female,8280 Debra Center,5/26/2022
530,Jerrine,Crocombe,jcrocombeep@google.co.jp,Female,21 Del Mar Place,1/18/2023
531,Rodina,Batteson,rbattesoneq@xing.com,Female,297 Anderson Court,11/24/2022
532,Sindee,Whittingham,swhittinghamer@sina.com.cn,Genderfluid,4 Haas Place,2/26/2023
533,Kelvin,Exell,kexelles@zimbio.com,Genderqueer,67 Swallow Hill,4/28/2023
534,Elwyn,Speeding,espeedinget@cam.ac.uk,Polygender,46 Bellgrove Drive,8/19/2022
535,Albina,Measor,ameasoreu@youku.com,Agender,157 Hanson Road,10/4/2022
536,Salomon,Gall,sgallev@auda.org.au,Male,9513 Independence Center,4/27/2023
537,Linnie,Bernard,lbernardew@trellian.com,Female,87626 Fieldstone Hill,11/29/2022
538,Upton,Pauer,upauerex@unesco.org,Male,70 Maywood Crossing,5/11/2022
539,Pattie,McCluin,pmccluiney@comcast.net,Male,3 Hudson Place,2/25/2023
540,Carly,Chinge de Hals,cchingedehalsez@wordpress.com,Female,11217 Grover Point,5/9/2023
541,Ara,Ewles,aewlesf0@smugmug.com,Male,21 6th Center,11/13/2022
542,Clarence,Lenox,clenoxf1@google.pl,Male,7 Charing Cross Lane,4/6/2023
543,Leon,Dyos,ldyosf2@qq.com,Agender,124 Eastlawn Road,7/29/2022
544,La verne,Breeder,lbreederf3@guardian.co.uk,Female,52 Rockefeller Court,4/8/2023
545,Ruperta,Kneebone,rkneebonef4@nifty.com,Female,702 Eastwood Pass,9/13/2022
546,Danette,Straine,dstrainef5@admin.ch,Female,3 Miller Court,11/1/2022
547,Genny,Marconi,gmarconif6@nationalgeographic.com,Genderfluid,40 Norway Maple Way,8/1/2022
548,Krisha,Brandenburg,kbrandenburgf7@google.ca,Male,03800 Marquette Crossing,3/7/2023
549,Dallon,Housego,dhousegof8@jigsy.com,Male,68596 Maple Wood Park,1/17/2023
550,Brnaba,Clemmey,bclemmeyf9@yandex.ru,Male,48 Evergreen Center,3/20/2023
551,Perle,Killich,pkillichfa@archive.org,Bigender,9552 6th Avenue,5/13/2022
552,Drake,Gunson,dgunsonfb@intel.com,Male,333 Reindahl Road,1/30/2023
553,Berri,Mersh,bmershfc@tiny.cc,Female,96419 Saint Paul Lane,7/26/2022
554,Daphna,Broadwell,dbroadwellfd@disqus.com,Female,276 Fairfield Trail,4/6/2023
555,Daven,Rockell,drockellfe@google.cn,Male,291 Colorado Junction,1/14/2023
556,Melba,Prattington,mprattingtonff@berkeley.edu,Bigender,87 Londonderry Crossing,3/9/2023
557,Jewell,Grzeskowski,jgrzeskowskifg@example.com,Female,9 Monterey Court,8/5/2022
558,Batsheva,Lempenny,blempennyfh@jimdo.com,Female,639 Bartelt Lane,6/24/2022
559,Scotty,Barrs,sbarrsfi@joomla.org,Male,3 Dunning Place,2/13/2023
560,Pam,Romeril,promerilfj@telegraph.co.uk,Female,8491 Texas Way,9/2/2022
561,Farica,Nemchinov,fnemchinovfk@wsj.com,Female,916 Ramsey Drive,10/22/2022
562,Hanna,Songest,hsongestfl@dion.ne.jp,Female,68442 American Ash Place,11/29/2022
563,Shepherd,Nimmo,snimmofm@reference.com,Male,202 Tomscot Court,12/9/2022
564,Elayne,Fortin,efortinfn@amazon.co.jp,Female,8132 Fisk Junction,6/4/2022
565,Wandie,Gummer,wgummerfo@youku.com,Female,25 Monterey Drive,5/12/2022
566,Skylar,Gronno,sgronnofp@nih.gov,Male,2350 Bobwhite Terrace,7/1/2022
567,Gizela,Dilloway,gdillowayfq@sun.com,Female,18201 Monument Alley,6/22/2022
568,Neville,Oliveto,nolivetofr@tripadvisor.com,Male,33445 Gina Pass,9/21/2022
569,Micheil,Ebbens,mebbensfs@wiley.com,Male,83933 Ramsey Place,10/10/2022
570,Georg,Sugge,gsuggeft@posterous.com,Male,930 Morrow Center,9/23/2022
571,Nathaniel,Whittles,nwhittlesfu@ow.ly,Male,1276 Express Lane,7/11/2022
572,Dunn,Kidds,dkiddsfv@cocolog-nifty.com,Male,1257 Bashford Center,6/3/2022
573,Muffin,Dearness,mdearnessfw@whitehouse.gov,Female,7 Blaine Park,3/22/2023
574,Terrance,Wessell,twessellfx@webs.com,Male,77 Cascade Trail,12/9/2022
575,Micky,Rogger,mroggerfy@naver.com,Male,0963 Scoville Circle,8/23/2022
576,Erick,Secretan,esecretanfz@princeton.edu,Male,31296 Sunfield Place,6/21/2022
577,Perrine,Azam,pazamg0@globo.com,Female,83 Kipling Pass,8/29/2022
578,Johnnie,Brownsmith,jbrownsmithg1@plala.or.jp,Male,7 Fulton Avenue,2/7/2023
579,Bo,Shimony,bshimonyg2@cnn.com,Male,042 Rutledge Parkway,12/27/2022
580,Dita,Gother,dgotherg3@oakley.com,Female,55 Stephen Court,6/23/2022
581,Kassandra,Gouda,kgoudag4@spiegel.de,Female,419 Lakewood Crossing,12/4/2022
582,Jud,Wooller,jwoollerg5@cyberchimps.com,Polygender,1995 Cottonwood Court,2/16/2023
583,Alair,Okill,aokillg6@howstuffworks.com,Male,015 Hooker Court,7/25/2022
584,Aldric,Shinfield,ashinfieldg7@t.co,Genderfluid,8 Waywood Plaza,1/16/2023
585,Berton,Boutell,bboutellg8@adobe.com,Male,17 Forster Park,10/24/2022
586,Marilin,Frear,mfrearg9@amazon.co.jp,Female,6113 Huxley Place,12/1/2022
587,Lexi,Jackman,ljackmanga@reference.com,Female,36554 Granby Plaza,6/25/2022
588,Pacorro,Traut,ptrautgb@friendfeed.com,Male,9066 Manley Circle,7/14/2022
589,Jaquelyn,MacNeillie,jmacneilliegc@baidu.com,Female,860 Old Shore Point,11/30/2022
590,Payton,Kleinschmidt,pkleinschmidtgd@dailymail.co.uk,Male,412 Mayfield Center,12/2/2022
591,Angie,Patriche,apatrichege@foxnews.com,Male,9921 Fisk Drive,12/22/2022
592,Margareta,Pavlishchev,mpavlishchevgf@hostgator.com,Female,310 Columbus Terrace,5/15/2022
593,Idalia,Vallis,ivallisgg@cyberchimps.com,Female,9347 Merrick Plaza,6/14/2022
594,Thaxter,Fuente,tfuentegh@phpbb.com,Male,3 2nd Alley,5/1/2023
595,Myron,de Clerq,mdeclerqgi@si.edu,Male,8735 Farmco Court,3/24/2023
596,Ferdy,Cool,fcoolgj@vistaprint.com,Male,81 Maywood Court,4/15/2023
597,Maximilianus,Bridywater,mbridywatergk@sina.com.cn,Genderfluid,7 Cherokee Crossing,5/9/2023
598,Haleigh,Crumby,hcrumbygl@mozilla.com,Female,4 Amoth Court,3/6/2023
599,Alice,Wedmore,awedmoregm@diigo.com,Female,7 Harper Road,5/31/2022
600,Care,Beevers,cbeeversgn@europa.eu,Male,4 Arizona Hill,10/19/2022
601,Jock,Bowker,jbowkergo@slideshare.net,Male,4142 Scoville Court,1/20/2023
602,Meyer,Cotter,mcottergp@census.gov,Male,76809 Bonner Way,1/14/2023
603,Ilysa,Harlock,iharlockgq@fda.gov,Female,6 Jana Parkway,12/12/2022
604,Thorvald,Bilston,tbilstongr@fema.gov,Male,8837 Gateway Avenue,3/14/2023
605,Jephthah,Rumbellow,jrumbellowgs@behance.net,Bigender,9104 Chinook Drive,8/20/2022
606,Kayne,Anderton,kandertongt@berkeley.edu,Male,96 Hudson Hill,3/27/2023
607,Maison,Alenin,maleningu@so-net.ne.jp,Male,65736 Elka Drive,9/7/2022
608,Etan,Spafford,espaffordgv@etsy.com,Genderqueer,00 Schurz Hill,9/16/2022
609,Waylon,Tesmond,wtesmondgw@reverbnation.com,Male,9573 Straubel Terrace,7/17/2022
610,Tobie,McGilbon,tmcgilbongx@virginia.edu,Male,5332 Tennessee Parkway,8/14/2022
611,Mora,Mcettrick,mmcettrickgy@studiopress.com,Female,6142 Randy Place,1/31/2023
612,Bondie,Deble,bdeblegz@hp.com,Male,6568 Chinook Alley,8/29/2022
613,Thorpe,Chittim,tchittimh0@bing.com,Male,776 Packers Avenue,1/26/2023
614,Crin,Sutherns,csuthernsh1@cbslocal.com,Female,724 Butterfield Pass,12/13/2022
615,Allayne,Thalmann,athalmannh2@prlog.org,Male,987 Arrowood Park,11/17/2022
616,Margaux,Scambler,mscamblerh3@shop-pro.jp,Female,389 Saint Paul Road,3/24/2023
617,Heath,McWhan,hmcwhanh4@instagram.com,Agender,500 Magdeline Drive,12/15/2022
618,Auroora,Alison,aalisonh5@hhs.gov,Female,7547 Grim Park,4/12/2023
619,Aylmer,Hackworth,ahackworthh6@java.com,Male,2971 Graedel Lane,9/3/2022
620,Adamo,Mogenot,amogenoth7@redcross.org,Male,4481 Oakridge Junction,10/12/2022
621,Katrina,Harry,kharryh8@naver.com,Female,70584 Debs Park,1/16/2023
622,Arlina,Baalham,abaalhamh9@tinypic.com,Female,35186 Mitchell Hill,8/15/2022
623,Denni,Punton,dpuntonha@freewebs.com,Female,16 Barby Parkway,8/1/2022
624,Retha,Shields,rshieldshb@dedecms.com,Bigender,19388 Harper Pass,1/7/2023
625,Ahmad,Theseira,atheseirahc@skyrock.com,Male,2222 Clyde Gallagher Street,2/26/2023
626,Doria,Lathee,dlatheehd@techcrunch.com,Female,71 Northview Lane,3/12/2023
627,Vin,Corbould,vcorbouldhe@about.com,Non-binary,7020 Brickson Park Junction,6/29/2022
628,Teodora,Henrionot,thenrionothf@buzzfeed.com,Female,234 Hallows Junction,2/1/2023
629,Arni,Berrick,aberrickhg@samsung.com,Male,63 Arkansas Circle,5/20/2022
630,Clemens,Pring,cpringhh@hao123.com,Male,6 South Parkway,8/6/2022
631,Mona,D'Oyly,mdoylyhi@nature.com,Agender,32 Raven Place,12/12/2022
632,Scotti,Kinloch,skinlochhj@usgs.gov,Male,8 Prairie Rose Drive,12/13/2022
633,Gal,Carous,gcaroushk@com.com,Male,96059 New Castle Point,1/27/2023
634,Barrie,Ranahan,branahanhl@macromedia.com,Male,0522 Sullivan Plaza,10/9/2022
635,Ardenia,Heyball,aheyballhm@ibm.com,Female,6930 Main Center,7/14/2022
636,Billye,Origan,boriganhn@answers.com,Polygender,2 Welch Way,7/21/2022
637,Gasper,Jaquest,gjaquestho@csmonitor.com,Male,9078 Fordem Junction,6/27/2022
638,Durant,MacAlpyne,dmacalpynehp@blog.com,Male,3 Cascade Lane,8/21/2022
639,Cale,Hindes,chindeshq@about.com,Male,11 Claremont Trail,8/8/2022
640,Ambur,Finneran,afinneranhr@google.ca,Female,77713 Menomonie Court,2/2/2023
641,Kiley,Batt,kbatths@gnu.org,Female,379 Corry Plaza,11/18/2022
642,Brier,Reichartz,breichartzht@livejournal.com,Female,0 Everett Plaza,7/31/2022
643,Dalt,Kivlin,dkivlinhu@ed.gov,Male,1 Thierer Court,6/23/2022
644,Smith,Goreisr,sgoreisrhv@liveinternet.ru,Male,347 Corry Trail,9/24/2022
645,Roy,Feldstein,rfeldsteinhw@nih.gov,Male,4 Victoria Plaza,10/3/2022
646,Darsey,Andreotti,dandreottihx@buzzfeed.com,Female,36060 North Place,10/20/2022
647,Heindrick,Dodshun,hdodshunhy@si.edu,Male,4 Ridgeview Drive,2/26/2023
648,Bay,Coonan,bcoonanhz@techcrunch.com,Male,424 Russell Drive,3/19/2023
649,Leilah,Showt,lshowti0@indiegogo.com,Female,450 Corry Court,11/16/2022
650,Tito,Laurenty,tlaurentyi1@drupal.org,Male,4312 Stuart Way,9/18/2022
651,Luelle,Napleton,lnapletoni2@army.mil,Female,913 Grayhawk Way,5/25/2022
652,Michell,Macvey,mmacveyi3@acquirethisname.com,Agender,12 Southridge Drive,4/20/2023
653,Blaire,Cashen,bcasheni4@123-reg.co.uk,Non-binary,94441 Garrison Crossing,3/21/2023
654,Donelle,Duesberry,dduesberryi5@statcounter.com,Female,46 Chive Place,7/1/2022
655,Bartlett,Andryushin,bandryushini6@technorati.com,Male,831 Golden Leaf Parkway,6/21/2022
656,Garv,Depper,gdepperi7@imageshack.us,Male,88448 Schlimgen Lane,12/3/2022
657,Janenna,Martynka,jmartynkai8@plala.or.jp,Female,512 Maryland Crossing,9/27/2022
658,Ferd,Karczinski,fkarczinskii9@marketwatch.com,Male,8 Golf Course Road,5/11/2022
659,Lonny,Mouat,lmouatia@indiatimes.com,Male,14162 Pepper Wood Parkway,8/26/2022
660,Antonio,Mollitt,amollittib@yandex.ru,Male,58038 Blackbird Crossing,11/29/2022
661,Manya,Fairbrother,mfairbrotheric@shinystat.com,Non-binary,42383 Roxbury Trail,4/18/2023
662,Brod,Pratt,bprattid@1688.com,Polygender,9468 Westerfield Hill,9/16/2022
663,Stanley,Bridgeland,sbridgelandie@phoca.cz,Male,6 Chinook Crossing,7/7/2022
664,Rose,Tremblett,rtremblettif@alibaba.com,Female,365 Farragut Crossing,10/27/2022
665,Jimmie,Thoumas,jthoumasig@networksolutions.com,Male,42288 Homewood Street,8/23/2022
666,Frieda,Pendergast,fpendergastih@jalbum.net,Female,645 Sycamore Circle,4/12/2023
667,Maryjo,Hazeldene,mhazeldeneii@geocities.com,Female,7320 Rockefeller Park,6/8/2022
668,Monty,Dockery,mdockeryij@moonfruit.com,Male,4106 Pearson Junction,7/3/2022
669,Carl,Gomersall,cgomersallik@yellowbook.com,Non-binary,9 Welch Avenue,9/21/2022
670,Alden,Rockhall,arockhallil@themeforest.net,Male,2160 Waxwing Road,1/27/2023
671,Hamilton,Louiset,hlouisetim@irs.gov,Male,4242 Kenwood Lane,10/11/2022
672,Konstance,Pybus,kpybusin@spotify.com,Female,0613 6th Alley,1/19/2023
673,Rollo,Sheer,rsheerio@youku.com,Male,8 Chinook Avenue,8/7/2022
674,Calida,Gillison,cgillisonip@furl.net,Female,2 Grasskamp Park,8/14/2022
675,Luke,Coatsworth,lcoatsworthiq@google.ca,Male,690 Carioca Drive,5/5/2023
676,Sherrie,Amber,samberir@google.it,Female,610 Browning Avenue,8/22/2022
677,Alec,Daens,adaensis@vimeo.com,Male,47 Victoria Pass,9/18/2022
678,Corby,Raeside,craesideit@telegraph.co.uk,Bigender,97682 Cody Circle,7/14/2022
679,Keslie,Swainsbury,kswainsburyiu@cnbc.com,Female,5 Forest Run Park,3/27/2023
680,Leesa,Bending,lbendingiv@amazon.com,Female,66844 Loeprich Pass,5/18/2022
681,Sadie,Thatcham,sthatchamiw@usatoday.com,Female,315 Prairieview Point,2/10/2023
682,Nickie,Cadore,ncadoreix@ftc.gov,Female,65448 Florence Parkway,11/30/2022
683,Danyette,Iacobo,diacoboiy@goodreads.com,Female,677 Eliot Parkway,6/16/2022
684,Kile,Keary,kkearyiz@reference.com,Male,07693 Corry Place,1/13/2023
685,Linoel,Yosselevitch,lyosselevitchj0@about.com,Male,088 Hermina Drive,11/19/2022
686,Lenna,McLice,lmclicej1@ycombinator.com,Female,397 Canary Place,8/30/2022
687,Aleta,Woodstock,awoodstockj2@about.me,Female,39133 Laurel Point,11/30/2022
688,Micheil,Zannuto,mzannutoj3@bravesites.com,Male,08053 3rd Avenue,6/22/2022
689,Demetri,Sapsford,dsapsfordj4@alexa.com,Male,33468 Crowley Street,4/29/2023
690,Ernest,Dillingstone,edillingstonej5@xrea.com,Male,7720 Center Way,7/10/2022
691,Marice,Sorensen,msorensenj6@webnode.com,Female,43078 Magdeline Drive,1/22/2023
692,Inger,Huish,ihuishj7@dropbox.com,Female,83 Moulton Plaza,6/28/2022
693,Annecorinne,Jeratt,ajerattj8@ucsd.edu,Female,8 Dorton Road,1/2/2023
694,Carr,Franz,cfranzj9@clickbank.net,Male,539 Scofield Place,5/22/2022
695,Fifi,Melato,fmelatoja@mac.com,Female,021 Artisan Road,1/3/2023
696,Reeva,Thurber,rthurberjb@eepurl.com,Female,2 Gale Place,7/8/2022
697,Bondy,Robus,brobusjc@redcross.org,Male,18 Bellgrove Hill,9/20/2022
698,Lurline,Farmer,lfarmerjd@icq.com,Female,7 Hintze Junction,10/2/2022
699,Georgie,Peeter,gpeeterje@time.com,Male,400 Gulseth Court,4/12/2023
700,Evie,Camsey,ecamseyjf@wikimedia.org,Female,26 Bonner Way,11/26/2022
701,Demetra,Ullyatt,dullyattjg@ihg.com,Female,14 Mesta Hill,3/30/2023
702,Jarred,Pentecust,jpentecustjh@huffingtonpost.com,Male,089 Eggendart Plaza,9/13/2022
703,Yvonne,Gosenell,ygosenellji@ocn.ne.jp,Female,42 Mosinee Point,3/12/2023
704,Rem,Trewartha,rtrewarthajj@csmonitor.com,Male,42785 Hanover Place,9/29/2022
705,Arel,Haydon,ahaydonjk@uol.com.br,Genderfluid,63203 Sheridan Crossing,11/13/2022
706,Leighton,Pettiford,lpettifordjl@fastcompany.com,Male,2 Iowa Trail,3/10/2023
707,Essy,Camock,ecamockjm@icio.us,Female,1412 Hoepker Center,1/19/2023
708,Ede,Emburey,eembureyjn@google.nl,Female,84206 Portage Junction,10/22/2022
709,Allianora,Ashburne,aashburnejo@mtv.com,Female,886 Sloan Way,2/9/2023
710,Luelle,Wreford,lwrefordjp@theatlantic.com,Female,8249 Vidon Place,4/6/2023
711,Shoshanna,Cornu,scornujq@google.es,Female,399 Superior Trail,10/19/2022
712,Lethia,Zuker,lzukerjr@salon.com,Female,9 Sachs Junction,1/23/2023
713,Anne,Kilban,akilbanjs@timesonline.co.uk,Female,4530 Debra Point,3/29/2023
714,Ewell,Golsthorp,egolsthorpjt@wikipedia.org,Male,15466 8th Drive,10/19/2022
715,Curt,Kavanagh,ckavanaghju@hubpages.com,Male,2 5th Park,11/19/2022
716,Benjie,Fisk,bfiskjv@histats.com,Male,07 Rieder Street,6/11/2022
717,Sheff,Cleyne,scleynejw@nba.com,Male,1 Badeau Junction,1/1/2023
718,Quinn,Hanley,qhanleyjx@ibm.com,Male,41321 Park Meadow Lane,2/9/2023
719,Kelley,Issacof,kissacofjy@pinterest.com,Male,5 Hoffman Drive,2/11/2023
720,Bettye,Finnis,bfinnisjz@pcworld.com,Agender,3300 Veith Parkway,12/6/2022
721,Rachael,Schoales,rschoalesk0@fema.gov,Female,2 Pierstorff Way,1/2/2023
722,Lance,Ricardou,lricardouk1@ftc.gov,Male,974 Fisk Junction,5/20/2022
723,Carlie,Frederick,cfrederickk2@canalblog.com,Male,13732 Jana Way,5/28/2022
724,Shelby,Baldery,sbalderyk3@unesco.org,Male,51 Lakewood Crossing,7/11/2022
725,Sarene,Galego,sgalegok4@chronoengine.com,Bigender,426 Mallory Trail,3/16/2023
726,Shayne,Waulker,swaulkerk5@irs.gov,Male,007 Eastwood Terrace,4/11/2023
727,Carrissa,Gold,cgoldk6@umn.edu,Female,2 Vera Place,1/2/2023
728,Damita,Neising,dneisingk7@bandcamp.com,Polygender,7020 Corry Circle,6/4/2022
729,Patsy,Laverty,plavertyk8@cafepress.com,Male,8828 Sundown Crossing,7/14/2022
730,Minor,Licciardello,mlicciardellok9@blogger.com,Polygender,44192 1st Circle,8/4/2022
731,Winnifred,Yearne,wyearneka@nyu.edu,Female,5 Ridgeview Way,11/3/2022
732,Sarina,Aulsford,saulsfordkb@earthlink.net,Female,1905 Oakridge Lane,3/17/2023
733,Victor,McManamen,vmcmanamenkc@woothemes.com,Male,2 Delladonna Street,11/20/2022
734,Raimondo,Beetles,rbeetleskd@buzzfeed.com,Male,16808 Meadow Vale Pass,5/30/2022
735,Steven,Tanman,stanmanke@unc.edu,Male,1150 Acker Park,12/23/2022
736,Saul,Bamford,sbamfordkf@facebook.com,Male,1 Coolidge Court,1/24/2023
737,Velvet,Searles,vsearleskg@hubpages.com,Female,73 Walton Road,9/26/2022
738,Sascha,Dedman,sdedmankh@independent.co.uk,Male,999 Vernon Drive,10/11/2022
739,Dorey,Bursnoll,dbursnollki@is.gd,Male,32 Scoville Court,12/30/2022
740,Elvin,Besson,ebessonkj@amazon.co.uk,Male,216 Dakota Trail,7/2/2022
741,Arny,Jovasevic,ajovasevickk@nasa.gov,Male,11894 Carberry Alley,7/19/2022
742,Rad,Tellenbrok,rtellenbrokkl@samsung.com,Male,0311 Pine View Drive,9/6/2022
743,Cindee,Symson,csymsonkm@hud.gov,Female,578 Grover Junction,9/16/2022
744,Liliane,Gilfillan,lgilfillankn@mediafire.com,Female,01 Pankratz Parkway,10/19/2022
745,Ruby,Ambrogi,rambrogiko@ibm.com,Female,0 Dottie Drive,4/21/2023
746,Murry,MacTrustrie,mmactrustriekp@webnode.com,Male,35 Namekagon Terrace,10/26/2022
747,Karina,Meadows,kmeadowskq@slate.com,Female,5571 Judy Hill,6/6/2022
748,Norris,Creeboe,ncreeboekr@sogou.com,Male,57 Mosinee Plaza,3/1/2023
749,Roxie,Orrin,rorrinks@scientificamerican.com,Female,2 Messerschmidt Way,3/20/2023
750,Renaud,Kinneally,rkinneallykt@bigcartel.com,Male,4069 Continental Center,4/26/2023
751,Darrin,Kropach,dkropachku@amazon.de,Male,95 Mitchell Way,6/24/2022
752,Darlene,Fealey,dfealeykv@economist.com,Female,46 Butterfield Avenue,11/14/2022
753,Rosabelle,Solley,rsolleykw@shutterfly.com,Female,75310 Sullivan Point,6/4/2022
754,Rosabel,Ibell,ribellkx@vinaora.com,Non-binary,99 Grover Hill,8/8/2022
755,Jaymie,Kilcullen,jkilcullenky@dot.gov,Male,5 Arkansas Trail,11/4/2022
756,Jolynn,Snape,jsnapekz@dedecms.com,Female,1425 Old Shore Pass,11/9/2022
757,Dalenna,Corkill,dcorkilll0@deliciousdays.com,Female,300 Becker Terrace,8/3/2022
758,Yolande,Dignum,ydignuml1@geocities.jp,Female,32389 Annamark Lane,8/7/2022
759,Carmella,Skipton,cskiptonl2@about.me,Female,33 Stang Junction,5/27/2022
760,Beryl,Bente,bbentel3@un.org,Bigender,035 Vidon Lane,5/29/2022
761,Mellie,Jiggins,mjigginsl4@geocities.jp,Genderqueer,7 Derek Circle,6/23/2022
762,Lucias,Mitkov,lmitkovl5@nba.com,Male,9354 Northland Way,1/9/2023
763,Odie,Silburn,osilburnl6@foxnews.com,Male,90 Northview Park,5/26/2022
764,Howard,Colliver,hcolliverl7@unicef.org,Male,1 Dennis Drive,1/3/2023
765,Stanley,Boaler,sboalerl8@businessinsider.com,Male,3653 Crownhardt Hill,7/5/2022
766,Blanca,Blakely,bblakelyl9@telegraph.co.uk,Female,52600 Stoughton Circle,10/27/2022
767,Jack,Cabrara,jcabrarala@mail.ru,Male,5610 Jay Parkway,3/13/2023
768,Vivianna,Giannasi,vgiannasilb@reference.com,Female,47 Esch Point,10/29/2022
769,Randa,Kerton,rkertonlc@un.org,Female,75104 Village Trail,7/19/2022
770,Nichol,Guerriero,nguerrierold@howstuffworks.com,Female,55491 Tomscot Court,4/28/2023
771,Leonard,Moyers,lmoyersle@cornell.edu,Male,915 Artisan Crossing,1/26/2023
772,Arline,Hansmann,ahansmannlf@naver.com,Agender,793 Reindahl Lane,10/27/2022
773,Bevvy,Petrol,bpetrollg@acquirethisname.com,Female,2321 Waywood Plaza,4/28/2023
774,Carlin,Crallan,ccrallanlh@addthis.com,Male,5 Karstens Place,6/27/2022
775,Roanna,Spear,rspearli@flavors.me,Female,20 Surrey Lane,7/15/2022
776,Alec,Paramor,aparamorlj@usatoday.com,Male,08165 Clemons Court,9/16/2022
777,Devi,Fathers,dfatherslk@hugedomains.com,Female,80 Burning Wood Place,12/9/2022
778,Gustaf,Casarini,gcasarinill@reddit.com,Male,93 Dayton Crossing,1/1/2023
779,Clementius,Grayling,cgraylinglm@stumbleupon.com,Male,313 American Street,12/3/2022
780,Rand,Jeannequin,rjeannequinln@posterous.com,Male,30 Alpine Park,9/14/2022
781,Nestor,Sarl,nsarllo@moonfruit.com,Male,0 Sherman Road,8/6/2022
782,Warde,Kelle,wkellelp@over-blog.com,Male,8889 Petterle Point,2/26/2023
783,Barris,Lefort,blefortlq@hubpages.com,Male,1158 La Follette Center,10/29/2022
784,Tirrell,Abrey,tabreylr@yahoo.com,Male,58 Service Way,8/8/2022
785,Mikaela,Empleton,mempletonls@umich.edu,Female,517 Evergreen Center,1/11/2023
786,Oralia,Haruard,oharuardlt@goodreads.com,Female,73363 Dixon Road,10/21/2022
787,Miguela,Macrow,mmacrowlu@eepurl.com,Female,9974 Esch Avenue,11/7/2022
788,Jolie,Ramsden,jramsdenlv@epa.gov,Female,29 Gulseth Lane,1/13/2023
789,Garold,Jime,gjimelw@cloudflare.com,Male,402 Maywood Terrace,12/15/2022
790,Harriett,Orsay,horsaylx@com.com,Female,7 Anthes Junction,8/3/2022
791,Kelcey,Raincin,kraincinly@cisco.com,Female,686 Packers Center,2/23/2023
792,Glyn,Abberley,gabberleylz@blogs.com,Female,76 Scoville Road,7/20/2022
793,Dur,Benditt,dbendittm0@youku.com,Genderfluid,2219 Division Circle,6/12/2022
794,Aldous,Anetts,aanettsm1@360.cn,Male,8 Claremont Hill,11/2/2022
795,Hildagarde,Le Marquis,hlemarquism2@mediafire.com,Female,50 Menomonie Court,12/12/2022
796,North,Ottley,nottleym3@taobao.com,Male,5 Dexter Lane,3/28/2023
797,Ezri,Leaming,eleamingm4@gnu.org,Male,2 Ruskin Hill,5/31/2022
798,Kelwin,Hillett,khillettm5@ucoz.ru,Male,4 Ohio Street,5/5/2023
799,Krista,Anglish,kanglishm6@furl.net,Female,47 Laurel Pass,1/11/2023
800,Eden,Rohmer,erohmerm7@patch.com,Female,2 Warner Pass,7/4/2022
801,Corey,Salters,csaltersm8@amazonaws.com,Male,94936 Linden Hill,10/22/2022
802,Kelila,McLice,kmclicem9@psu.edu,Female,6832 Colorado Alley,8/28/2022
803,Brew,Bower,bbowerma@slate.com,Male,5762 Golf Junction,12/3/2022
804,Hillery,Sherwood,hsherwoodmb@constantcontact.com,Male,12 Bellgrove Pass,10/19/2022
805,Maximilien,Risbie,mrisbiemc@bluehost.com,Male,21478 Eggendart Lane,1/7/2023
806,Janey,Casserley,jcasserleymd@github.io,Female,17091 Dennis Hill,4/27/2023
807,Zabrina,Robun,zrobunme@altervista.org,Female,714 Russell Street,11/14/2022
808,Lem,Grimes,lgrimesmf@arstechnica.com,Male,2975 Clove Hill,3/7/2023
809,Cissiee,Worsnap,cworsnapmg@wired.com,Female,9294 Carberry Avenue,8/9/2022
810,Marci,Ludovici,mludovicimh@goo.ne.jp,Female,270 Brickson Park Trail,5/16/2022
811,Gertie,Filippo,gfilippomi@unesco.org,Polygender,9 Elgar Parkway,8/9/2022
812,Pegeen,Emmot,pemmotmj@reverbnation.com,Female,213 Bluestem Pass,11/30/2022
813,Charmion,Baitman,cbaitmanmk@multiply.com,Female,29 Summer Ridge Crossing,10/19/2022
814,Roxane,Van Daalen,rvandaalenml@1und1.de,Female,92625 Bultman Road,1/31/2023
815,Rhys,Bellwood,rbellwoodmm@gizmodo.com,Male,0 Becker Court,12/7/2022
816,Erv,Wateridge,ewateridgemn@bbb.org,Male,989 Brown Pass,8/13/2022
817,Anneliese,Meddows,ameddowsmo@hexun.com,Female,56503 Marquette Park,10/9/2022
818,Sarette,Cram,scrammp@pagesperso-orange.fr,Bigender,3 John Wall Hill,10/6/2022
819,Kyla,McGhee,kmcgheemq@purevolume.com,Female,94 Sunfield Street,5/17/2022
820,Perrine,Chaplain,pchaplainmr@com.com,Female,674 Brickson Park Way,8/11/2022
821,Marlowe,Andrewartha,mandrewarthams@ucsd.edu,Male,2 Emmet Crossing,8/6/2022
822,Hew,Merlin,hmerlinmt@google.es,Male,1139 Graceland Point,7/19/2022
823,Marcello,Full,mfullmu@deliciousdays.com,Male,001 Fremont Hill,5/30/2022
824,Maddalena,Parcell,mparcellmv@aboutads.info,Polygender,29066 Brentwood Drive,2/24/2023
825,Worthy,Shurmer,wshurmermw@cam.ac.uk,Male,7 Shasta Parkway,5/9/2023
826,Kearney,Call,kcallmx@reference.com,Male,56732 Bartelt Park,12/9/2022
827,Si,Chastaing,schastaingmy@parallels.com,Male,8272 Towne Park,10/2/2022
828,Coletta,Arnout,carnoutmz@trellian.com,Female,39 Erie Avenue,12/11/2022
829,Blanca,Matuszak,bmatuszakn0@dailymail.co.uk,Female,74051 Summit Road,12/5/2022
830,Dino,Soot,dsootn1@cnet.com,Male,08769 Sundown Avenue,1/15/2023
831,Brenna,Dollard,bdollardn2@shinystat.com,Female,70851 Sycamore Circle,12/9/2022
832,Gabbie,Asquith,gasquithn3@technorati.com,Male,8 Mockingbird Alley,7/27/2022
833,Aime,Beslier,abesliern4@smh.com.au,Female,25535 Leroy Place,12/7/2022
834,Aurora,Sneaker,asneakern5@storify.com,Female,1 Dovetail Way,9/9/2022
835,Denny,Kapelhof,dkapelhofn6@salon.com,Genderqueer,27 Anzinger Street,8/2/2022
836,Mia,Joice,mjoicen7@cyberchimps.com,Polygender,127 Emmet Trail,9/1/2022
837,Gabby,Tarte,gtarten8@elpais.com,Male,9325 Pepper Wood Crossing,3/14/2023
838,Vite,Grimme,vgrimmen9@mashable.com,Male,00 Melvin Point,5/13/2022
839,Maggee,Birdwhistle,mbirdwhistlena@bloglovin.com,Female,7 Stang Center,5/19/2022
840,Bjorn,Grube,bgrubenb@deviantart.com,Male,08 Alpine Pass,2/6/2023
841,Ernst,Klaff,eklaffnc@webnode.com,Male,3 Chinook Point,2/13/2023
842,Aubrie,Cuerdall,acuerdallnd@hubpages.com,Female,06468 Pearson Road,10/13/2022
843,Carol,Danilishin,cdanilishinne@51.la,Female,851 Drewry Alley,10/5/2022
844,Eleni,Last,elastnf@imdb.com,Female,138 Barnett Terrace,11/4/2022
845,Eldon,Pilsworth,epilsworthng@constantcontact.com,Male,6 Jackson Trail,10/6/2022
846,Harmonie,Blaw,hblawnh@so-net.ne.jp,Female,01043 Gale Court,11/18/2022
847,Idette,Wyllie,iwyllieni@apache.org,Female,6667 Thierer Junction,11/19/2022
848,Sigfried,Mineghelli,smineghellinj@aol.com,Male,5692 Saint Paul Pass,4/3/2023
849,Jacquenetta,Newcom,jnewcomnk@epa.gov,Female,74 Steensland Junction,3/3/2023
850,Inger,Handmore,ihandmorenl@fastcompany.com,Female,0384 Bay Trail,5/23/2022
851,Yale,Tidridge,ytidridgenm@state.gov,Male,734 Charing Cross Way,7/25/2022
852,Jenica,Remer,jremernn@paginegialle.it,Genderfluid,76 Spohn Trail,3/11/2023
853,Irving,Ierland,iierlandno@ucoz.com,Polygender,209 Monica Point,7/1/2022
854,Lorilee,Pusey,lpuseynp@google.pl,Non-binary,871 Kings Point,3/14/2023
855,Leandra,De Mattei,ldematteinq@skyrock.com,Female,0 Bultman Crossing,3/15/2023
856,Pate,Daice,pdaicenr@hibu.com,Male,9961 David Point,10/21/2022
857,Jamesy,Jerson,jjersonns@google.co.jp,Male,57 Cherokee Circle,11/12/2022
858,Chester,Gunstone,cgunstonent@arstechnica.com,Male,76 Fairview Drive,8/3/2022
859,Basilius,Aldwich,baldwichnu@nbcnews.com,Male,788 Schurz Court,1/1/2023
860,Yankee,Wegner,ywegnernv@seattletimes.com,Male,26 Cascade Pass,1/25/2023
861,Jayson,Sabathier,jsabathiernw@ehow.com,Male,8522 Express Lane,1/29/2023
862,Gene,Baxstair,gbaxstairnx@dion.ne.jp,Female,7786 Union Trail,5/17/2022
863,Willow,Franckton,wfrancktonny@state.tx.us,Female,50 Tennyson Circle,12/24/2022
864,Tonnie,Elcomb,telcombnz@ucla.edu,Male,9175 Graedel Trail,9/10/2022
865,Stafani,Runcieman,srunciemano0@tripadvisor.com,Female,514 Nelson Crossing,1/2/2023
866,Blondy,Boud,bboudo1@addtoany.com,Female,600 Washington Park,2/13/2023
867,Osmond,Tramel,otramelo2@cdc.gov,Male,1184 Hovde Lane,5/6/2023
868,Uri,McAuslan,umcauslano3@latimes.com,Male,23038 Shopko Terrace,8/18/2022
869,Tedi,Pennetta,tpennettao4@sohu.com,Female,34 Troy Street,1/31/2023
870,Alisa,Ponceford,aponcefordo5@time.com,Female,8 Kipling Plaza,10/10/2022
871,Averill,Leynagh,aleynagho6@msu.edu,Male,5819 Eliot Hill,3/24/2023
872,Philippa,Addinall,paddinallo7@feedburner.com,Female,43 Cottonwood Center,9/30/2022
873,Marv,Camden,mcamdeno8@wunderground.com,Male,290 Porter Trail,6/4/2022
874,Sharity,Lulham,slulhamo9@buzzfeed.com,Female,23 Green Ridge Trail,7/26/2022
875,Aurlie,Normansell,anormanselloa@typepad.com,Female,889 Fallview Drive,2/25/2023
876,Lindsy,Twyning,ltwyningob@vkontakte.ru,Female,821 Nancy Street,10/4/2022
877,Lanni,Dabling,ldablingoc@mayoclinic.com,Bigender,66749 Little Fleur Drive,8/6/2022
878,Leigh,Avramow,lavramowod@wordpress.com,Male,0318 Scofield Street,11/5/2022
879,Basil,Pimblett,bpimblettoe@blogspot.com,Male,8075 Vernon Avenue,10/14/2022
880,Francyne,Facher,ffacherof@ucsd.edu,Female,05 Mcbride Junction,6/25/2022
881,Calida,Goudman,cgoudmanog@umn.edu,Female,44691 Nevada Road,5/31/2022
882,Helga,Billin,hbillinoh@behance.net,Female,86861 Clemons Pass,7/9/2022
883,Jaynell,Whoston,jwhostonoi@sitemeter.com,Female,16 Holmberg Parkway,5/26/2022
884,Jenna,Formby,jformbyoj@digg.com,Female,4 Division Center,1/25/2023
885,Franklyn,Posen,fposenok@wix.com,Male,87 Delladonna Parkway,7/25/2022
886,Dorie,Tortoishell,dtortoishellol@wikispaces.com,Male,5 Fisk Court,9/22/2022
887,Marty,de Clercq,mdeclercqom@themeforest.net,Male,8078 Stoughton Crossing,8/18/2022
888,Melinda,Gierek,mgierekon@engadget.com,Female,18677 Sachtjen Hill,4/1/2023
889,Padraig,Armall,parmalloo@oakley.com,Male,249 Nobel Street,7/25/2022
890,Jerrine,Dabnot,jdabnotop@nsw.gov.au,Bigender,0430 Harbort Hill,4/3/2023
891,Griffin,Dickon,gdickonoq@symantec.com,Genderqueer,2 Dottie Place,1/6/2023
892,Klarrisa,Rein,kreinor@de.vu,Female,261 Little Fleur Hill,1/11/2023
893,Alis,Solley,asolleyos@moonfruit.com,Female,02 Little Fleur Hill,10/28/2022
894,Alyce,Dunbar,adunbarot@flavors.me,Female,659 Linden Court,12/30/2022
895,Adara,Lernihan,alernihanou@qq.com,Female,32 Claremont Park,10/29/2022
896,Blondy,Michal,bmichalov@foxnews.com,Agender,46 Kenwood Crossing,2/4/2023
897,Margie,Handrek,mhandrekow@go.com,Female,19 Leroy Crossing,5/3/2023
898,Urbain,Bradford,ubradfordox@stanford.edu,Male,285 Buell Court,12/12/2022
899,Findley,Millwall,fmillwalloy@simplemachines.org,Male,9358 Saint Paul Street,10/22/2022
900,Shermy,Agastina,sagastinaoz@dmoz.org,Male,89231 East Park,5/13/2022
901,Sherrie,Merchant,smerchantp0@xinhuanet.com,Female,798 Sachs Pass,1/24/2023
902,Thia,Konmann,tkonmannp1@illinois.edu,Female,3 Little Fleur Trail,11/19/2022
903,Xever,Mapp,xmappp2@a8.net,Male,47 Washington Parkway,4/15/2023
904,Roselin,Kembery,rkemberyp3@reverbnation.com,Genderfluid,56792 Delaware Terrace,2/10/2023
905,Vernice,Batch,vbatchp4@dailymail.co.uk,Female,126 Atwood Parkway,12/4/2022
906,Deanna,Jessep,djessepp5@bigcartel.com,Female,21858 Donald Point,8/12/2022
907,Luther,O'Heagertie,loheagertiep6@cnet.com,Male,01 Bashford Street,3/14/2023
908,Ardelia,Hegel,ahegelp7@webeden.co.uk,Female,606 Melody Circle,5/7/2023
909,Bevan,Reynalds,breynaldsp8@state.gov,Male,4 Cottonwood Lane,6/11/2022
910,Hally,Hanford,hhanfordp9@washington.edu,Female,024 Atwood Place,3/7/2023
911,Clemmie,Whitta,cwhittapa@qq.com,Female,9 Westport Crossing,8/31/2022
912,Elbertina,Jancic,ejancicpb@histats.com,Female,42 Starling Terrace,3/8/2023
913,Mandy,Gianotti,mgianottipc@columbia.edu,Female,549 Kropf Alley,1/3/2023
914,Felice,Mougenel,fmougenelpd@theatlantic.com,Male,6 Messerschmidt Parkway,3/21/2023
915,Joletta,Skep,jskeppe@statcounter.com,Genderfluid,80983 Old Shore Avenue,4/6/2023
916,Ali,Call,acallpf@tumblr.com,Male,1 Linden Plaza,6/11/2022
917,Walther,Sales,wsalespg@xinhuanet.com,Male,83155 Swallow Hill,3/19/2023
918,Levy,Considine,lconsidineph@amazon.co.uk,Male,64624 Thackeray Court,8/10/2022
919,Sherm,Novic,snovicpi@dyndns.org,Male,345 North Avenue,8/7/2022
920,Wallis,Arbor,warborpj@ucsd.edu,Male,5 Nobel Trail,1/23/2023
921,Izabel,Gwatkin,igwatkinpk@answers.com,Female,9167 Weeping Birch Road,1/4/2023
922,Isiahi,Tankard,itankardpl@usgs.gov,Male,58681 Waywood Parkway,3/20/2023
923,Nonie,McNeil,nmcneilpm@zimbio.com,Genderqueer,14 Monica Alley,2/21/2023
924,Georgena,Panas,gpanaspn@nhs.uk,Genderfluid,49618 Old Shore Pass,12/19/2022
925,Ferdinanda,Day,fdaypo@pen.io,Female,28745 Sunfield Way,4/13/2023
926,Adolpho,Lashford,alashfordpp@wordpress.org,Male,0006 Upham Crossing,5/26/2022
927,Wilton,Sarch,wsarchpq@freewebs.com,Male,1 Erie Parkway,7/19/2022
928,Silva,Aldred,saldredpr@netvibes.com,Female,69 Laurel Hill,1/17/2023
929,Keen,Ever,keverps@deviantart.com,Male,1662 Superior Point,11/6/2022
930,Alysa,Duffitt,aduffittpt@ft.com,Female,0 Brown Lane,11/15/2022
931,Mallorie,Petyanin,mpetyaninpu@tumblr.com,Female,225 Lake View Pass,12/26/2022
932,Suki,Halle,shallepv@archive.org,Female,0699 Vermont Terrace,2/12/2023
933,Morlee,Miliffe,mmiliffepw@constantcontact.com,Male,0 Nobel Junction,5/22/2022
934,Dill,Ffrench,dffrenchpx@paypal.com,Male,08622 Iowa Circle,3/10/2023
935,Luke,Le Guin,lleguinpy@nasa.gov,Male,0 Lotheville Hill,7/15/2022
936,Ariel,MacCosty,amaccostypz@senate.gov,Female,92 Muir Hill,7/28/2022
937,Violetta,Fencott,vfencottq0@wp.com,Female,7 Sullivan Road,4/17/2023
938,Boonie,Semiras,bsemirasq1@ask.com,Male,7798 Tomscot Circle,7/21/2022
939,Teddy,Fero,tferoq2@upenn.edu,Male,7757 Jenifer Street,9/10/2022
940,Frances,Crinson,fcrinsonq3@instagram.com,Female,688 Loomis Pass,11/24/2022
941,Eirena,Dirand,edirandq4@state.tx.us,Female,21 Hudson Terrace,5/30/2022
942,Louella,Lazenby,llazenbyq5@businessweek.com,Female,7615 Sunbrook Parkway,10/22/2022
943,Findley,Geeve,fgeeveq6@chicagotribune.com,Male,3903 Northport Street,9/22/2022
944,Elianora,Weatherill,eweatherillq7@tamu.edu,Female,289 Carberry Park,4/23/2023
945,Emmey,Heathorn,eheathornq8@addtoany.com,Female,5636 Banding Parkway,5/27/2022
946,Vanessa,Teager,vteagerq9@twitter.com,Female,648 Warbler Plaza,10/24/2022
947,Laurene,Sesser,lsesserqa@woothemes.com,Female,6 Gina Way,7/18/2022
948,Dyane,Prettyjohns,dprettyjohnsqb@webmd.com,Female,7086 Thackeray Place,1/1/2023
949,Sollie,Wingrove,swingroveqc@flavors.me,Genderfluid,792 Delladonna Terrace,7/30/2022
950,Gary,Pieters,gpietersqd@si.edu,Male,6151 Rockefeller Hill,4/1/2023
951,Jess,Zanicchelli,jzanicchelliqe@hc360.com,Male,94182 Summer Ridge Street,11/16/2022
952,Klement,Puzey,kpuzeyqf@friendfeed.com,Male,6604 David Pass,6/22/2022
953,Dick,Witz,dwitzqg@bloomberg.com,Male,3873 Schiller Parkway,7/7/2022
954,Martica,Edards,medardsqh@usgs.gov,Female,51271 Manitowish Point,2/9/2023
955,Tatiana,Wellstood,twellstoodqi@state.tx.us,Female,1 Farragut Drive,6/15/2022
956,Flossie,Coom,fcoomqj@spiegel.de,Female,8107 Schmedeman Place,2/8/2023
957,Minna,Tarbett,mtarbettqk@columbia.edu,Female,271 Spohn Plaza,8/6/2022
958,Helaine,Kenwyn,hkenwynql@cam.ac.uk,Female,50 Nobel Circle,8/1/2022
959,Katrinka,Beran,kberanqm@comcast.net,Female,83516 Huxley Drive,6/13/2022
960,Cindelyn,Gut,cgutqn@macromedia.com,Female,7 Vidon Plaza,8/21/2022
961,Cchaddie,Bowller,cbowllerqo@sakura.ne.jp,Male,23 Dayton Drive,9/4/2022
962,Murial,Furzer,mfurzerqp@photobucket.com,Agender,10627 Sheridan Trail,9/28/2022
963,Odilia,Angel,oangelqq@about.com,Female,50136 Bashford Plaza,6/6/2022
964,Raul,Leabeater,rleabeaterqr@vistaprint.com,Male,372 Stuart Hill,10/27/2022
965,Niall,Styan,nstyanqs@jimdo.com,Non-binary,8876 Nancy Street,5/1/2023
966,Garrik,Barrowclough,gbarrowcloughqt@npr.org,Male,72 Valley Edge Alley,2/7/2023
967,Hurley,Piola,hpiolaqu@ucoz.ru,Male,0530 Armistice Court,9/30/2022
968,Clary,Checo,cchecoqv@wiley.com,Female,436 Butterfield Court,8/29/2022
969,Delphine,Durak,ddurakqw@netscape.com,Female,22018 Portage Place,3/20/2023
970,Germain,Kettlestringes,gkettlestringesqx@hao123.com,Bigender,7 Mccormick Terrace,11/4/2022
971,Staford,Wiltshire,swiltshireqy@weather.com,Male,94171 Troy Junction,7/2/2022
972,Raimondo,Hans,rhansqz@liveinternet.ru,Male,8 Pawling Point,9/24/2022
973,Eada,Wilmott,ewilmottr0@tiny.cc,Female,97403 Bashford Place,8/11/2022
974,Kali,Westlake,kwestlaker1@ox.ac.uk,Female,689 Surrey Avenue,2/8/2023
975,Reyna,Weafer,rweaferr2@blogtalkradio.com,Female,8439 Weeping Birch Street,8/20/2022
976,Mead,Ovesen,movesenr3@tumblr.com,Female,2747 Rigney Road,4/25/2023
977,Eloise,Ottewill,eottewillr4@youtube.com,Female,2 Independence Trail,12/7/2022
978,Jaimie,Rosenfrucht,jrosenfruchtr5@tumblr.com,Male,67 Eastwood Center,1/11/2023
979,Joanne,Thoumasson,jthoumassonr6@java.com,Non-binary,704 Saint Paul Way,7/25/2022
980,Chucho,Loomes,cloomesr7@salon.com,Male,26 Warrior Crossing,2/5/2023
981,Arabelle,Galliford,agallifordr8@nationalgeographic.com,Agender,120 Pawling Court,11/4/2022
982,Odell,Viste,ovister9@infoseek.co.jp,Non-binary,092 Grover Place,8/16/2022
983,Samantha,Clue,scluera@printfriendly.com,Non-binary,44 Dorton Pass,5/15/2022
984,Philomena,Sebert,psebertrb@washington.edu,Female,1193 Pearson Parkway,1/12/2023
985,Merv,Dottridge,mdottridgerc@mapy.cz,Male,4958 Carioca Lane,4/21/2023
986,Bevin,Pasek,bpasekrd@biblegateway.com,Male,25140 Independence Terrace,12/6/2022
987,Martita,Monro,mmonrore@over-blog.com,Female,3 Donald Point,6/29/2022
988,Wyn,Eaglen,weaglenrf@intel.com,Male,10 Saint Paul Street,2/3/2023
989,Madelene,Roseblade,mrosebladerg@npr.org,Female,222 Vera Parkway,4/9/2023
990,Sue,Draisey,sdraiseyrh@ustream.tv,Female,9113 Dovetail Plaza,7/22/2022
991,Cesar,Elph,celphri@phoca.cz,Male,689 Melby Avenue,3/21/2023
992,Baxter,Huff,bhuffrj@marketwatch.com,Male,51822 Hauk Road,4/20/2023
993,Dannie,D'Ambrogi,ddambrogirk@biblegateway.com,Female,30 Calypso Court,3/26/2023
994,Batsheva,Corriea,bcorriearl@oakley.com,Female,94277 Dixon Drive,1/19/2023
995,Payton,Vasler,pvaslerrm@taobao.com,Male,66685 Old Gate Trail,5/7/2023
996,Garrik,Gillis,ggillisrn@yandex.ru,Male,911 Clemons Way,7/10/2022
997,Erhard,Gawler,egawlerro@surveymonkey.com,Male,8511 Melby Pass,4/1/2023
998,Starlin,Guswell,sguswellrp@unblog.fr,Agender,3 Hanover Junction,10/2/2022
999,Rena,Grigg,rgriggrq@soup.io,Female,741 Kennedy Pass,11/21/2022
1000,Kayley,MacDuffie,kmacduffierr@weebly.com,Female,55 Rutledge Trail,3/31/2023
